Generation,Mean Fitness,,,,,,,best fitness,average fitness
1,960,985,952,974,982,,,1214.2,970.6
2,996,1008,1017,998,989,,,1203.8,1001.6
3,1020,1033,1062,1013,1037,,,1215.2,1033
4,1048,1071,1086,1051,1064,,,1208.8,1064
5,1076,1094,1115,1079,1070,,,1211,1086.8
6,1103,1112,1154,1130,1077,,,1238.4,1115.2
7,1124,1128,1175,1156,1073,,,1233.6,1131.2
8,1139,1142,1176,1180,1094,,,1224,1146.2
9,1148,1152,1190,1187,1102,,,1238,1155.8
10,1158,1160,1189,1208,1112,,,1244,1165.4
11,1147,1183,1203,1212,1120,,,1246.6,1173
12,1164,1190,1194,1216,1124,,,1257.4,1177.6
13,1173,1202,1191,1223,1122,,,1254.2,1182.2
14,1176,1220,1212,1211,1136,,,1268.4,1191
15,1185,1236,1197,1230,1142,,,1268.8,1198
16,1188,1238,1219,1237,1142,,,1271.8,1204.8
17,1197,1247,1236,1235,1153,,,1281.8,1213.6
18,1190,1259,1237,1238,1154,,,1293.8,1215.6
19,1212,1262,1244,1234,1171,,,1302.8,1224.6
20,1203,1271,1243,1246,1174,,,1313.2,1227.4
21,1207,1260,1262,1238,1186,,,1312,1230.6
22,1220,1271,1262,1245,1204,,,1316.6,1240.4
23,1223,1250,1264,1246,1205,,,1326.8,1237.6
24,1234,1272,1243,1267,1214,,,1328,1246
25,1241,1263,1264,1270,1217,,,1331.2,1251
26,1250,1269,1272,1279,1214,,,1336.2,1256.8
27,1263,1272,1260,1285,1240,,,1337.4,1264
28,1251,1278,1284,1274,1260,,,1338.8,1269.4
29,1264,1278,1285,1278,1258,,,1341.4,1272.6
30,1266,1285,1290,1281,1248,,,1348.2,1274
31,1281,1280,1275,1290,1263,,,1354,1277.8
32,1288,1299,1274,1300,1258,,,1358.8,1283.8
33,1269,1286,1287,1300,1271,,,1361.6,1282.6
34,1278,1299,1291,1300,1281,,,1373,1289.8
35,1274,1308,1304,1312,1282,,,1384.8,1296
36,1290,1298,1314,1325,1280,,,1388.4,1301.4
37,1294,1299,1311,1318,1305,,,1393,1305.4
38,1296,1310,1333,1321,1306,,,1398.2,1313.2
39,1306,1317,1346,1328,1305,,,1408.8,1320.4
40,1321,1311,1324,1346,1319,,,1405.4,1324.2
41,1312,1328,1350,1345,1319,,,1417,1330.8
42,1329,1325,1357,1356,1310,,,1415.8,1335.4
43,1328,1330,1368,1357,1322,,,1421.2,1341
44,1353,1322,1378,1354,1319,,,1430.8,1345.2
45,1344,1341,1374,1370,1315,,,1432.6,1348.8
46,1339,1343,1367,1380,1324,,,1427,1350.6
47,1359,1353,1370,1379,1303,,,1424.8,1352.8
48,1360,1340,1373,1393,1330,,,1425.4,1359.2
49,1344,1371,1344,1397,1324,,,1435.8,1356
50,1361,1350,1378,1391,1336,,,1434.8,1363.2
51,1361,1363,1383,1381,1320,,,1437.6,1361.6
52,1371,1358,1379,1371,1330,,,1442.6,1361.8
53,1375,1375,1371,1397,1342,,,1448.2,1372
54,1375,1359,1377,1409,1339,,,1450,1371.8
55,1380,1362,1367,1410,1343,,,1446,1372.4
56,1385,1362,1399,1422,1331,,,1444.4,1379.8
57,1373,1345,1389,1432,1325,,,1457.4,1372.8
58,1381,1358,1410,1434,1331,,,1461.6,1382.8
59,1386,1361,1416,1427,1345,,,1461,1387
60,1380,1370,1421,1449,1335,,,1468.6,1391
61,1377,1374,1432,1437,1339,,,1462.2,1391.8
62,1373,1373,1407,1450,1347,,,1462.2,1390
63,1364,1361,1402,1436,1353,,,1471.6,1383.2
64,1378,1385,1417,1435,1349,,,1486,1392.8
65,1384,1364,1424,1455,1343,,,1478.8,1394
66,1378,1395,1402,1447,1341,,,1477.8,1392.6
67,1380,1397,1442,1456,1344,,,1479.6,1403.8
68,1394,1395,1447,1455,1358,,,1485.6,1409.8
69,1410,1396,1454,1433,1348,,,1488.8,1408.2
70,1395,1395,1469,1441,1350,,,1492.4,1410
71,1398,1397,1453,1436,1360,,,1489.8,1408.8
72,1408,1383,1474,1457,1340,,,1495.8,1412.4
73,1404,1401,1471,1457,1343,,,1497.8,1415.2
74,1415,1404,1468,1460,1355,,,1496.2,1420.4
75,1414,1411,1466,1471,1370,,,1500.6,1426.4
76,1388,1427,1468,1474,1358,,,1506.6,1423
77,1407,1416,1467,1459,1365,,,1509.6,1422.8
78,1414,1417,1480,1468,1371,,,1512,1430
79,1417,1425,1471,1474,1377,,,1509.4,1432.8
80,1422,1422,1467,1492,1368,,,1508.6,1434.2
81,1413,1405,1488,1475,1369,,,1516.8,1430
82,1424,1447,1481,1452,1399,,,1521.4,1440.6
83,1429,1449,1497,1474,1386,,,1521.4,1447
84,1416,1448,1492,1471,1402,,,1522.6,1445.8
85,1428,1445,1487,1446,1387,,,1526.2,1438.6
86,1427,1422,1468,1467,1394,,,1524.2,1435.6
87,1427,1403,1493,1464,1390,,,1529.8,1435.4
88,1448,1437,1495,1454,1398,,,1530.2,1446.4
89,1467,1431,1482,1454,1403,,,1533,1447.4
90,1445,1428,1477,1487,1416,,,1541.8,1450.6
91,1454,1435,1503,1496,1392,,,1544.6,1456
92,1459,1440,1511,1501,1414,,,1546.4,1465
93,1477,1437,1504,1490,1416,,,1548.4,1464.8
94,1483,1449,1523,1487,1403,,,1547.6,1469
95,1490,1468,1512,1501,1414,,,1554.6,1477
96,1496,1462,1531,1510,1406,,,1546.4,1481
97,1479,1465,1518,1488,1400,,,1552.2,1470
98,1480,1474,1527,1495,1419,,,1553.6,1479
99,1494,1479,1516,1466,1421,,,1555.4,1475.2
100,1470,1476,1508,1495,1436,,,1559.6,1477
101,1483,1473,1512,1500,1401,,,1561.4,1473.8
102,1494,1465,1524,1536,1420,,,1559.2,1487.8
103,1498,1459,1513,1531,1405,,,1564.6,1481.2
104,1491,1489,1525,1541,1430,,,1563,1495.2
105,1491,1470,1536,1531,1445,,,1571.8,1494.6
106,1475,1496,1507,1538,1434,,,1571,1490
107,1489,1509,1505,1535,1438,,,1573.6,1495.2
108,1497,1504,1534,1529,1432,,,1571.2,1499.2
109,1505,1498,1530,1530,1457,,,1572.2,1504
110,1509,1484,1534,1525,1463,,,1569.6,1503
111,1515,1517,1533,1527,1455,,,1575.8,1509.4
112,1498,1491,1530,1523,1461,,,1581.2,1500.6
113,1487,1472,1529,1530,1454,,,1580.2,1494.4
114,1489,1512,1529,1540,1430,,,1575,1500
115,1489,1497,1524,1534,1466,,,1571.8,1502
116,1507,1519,1531,1552,1467,,,1578.8,1515.2
117,1519,1533,1517,1546,1477,,,1578.8,1518.4
118,1520,1543,1528,1552,1488,,,1582,1526.2
119,1500,1520,1509,1553,1480,,,1582.8,1512.4
120,1513,1515,1530,1550,1460,,,1594.2,1513.6
121,1516,1519,1534,1537,1453,,,1605.8,1511.8
122,1535,1523,1530,1547,1460,,,1607.2,1519
123,1511,1517,1525,1537,1494,,,1608.4,1516.8
124,1521,1532,1523,1545,1498,,,1607.8,1523.8
125,1518,1558,1540,1555,1474,,,1605.8,1529
126,1520,1534,1512,1557,1490,,,1608.4,1522.6
127,1520,1528,1516,1557,1503,,,1608.4,1524.8
128,1533,1521,1504,1537,1497,,,1608.2,1518.4
129,1537,1516,1531,1549,1505,,,1610.4,1527.6
130,1539,1551,1537,1538,1511,,,1607.4,1535.2
131,1537,1513,1525,1558,1520,,,1605.2,1530.6
132,1527,1539,1538,1531,1537,,,1611,1534.4
133,1506,1543,1540,1546,1551,,,1612.6,1537.2
134,1522,1542,1526,1548,1552,,,1616.2,1538
135,1536,1539,1547,1571,1568,,,1621.2,1552.2
136,1534,1550,1541,1567,1549,,,1621.2,1548.2
137,1530,1538,1546,1565,1577,,,1621.6,1551.2
138,1533,1538,1541,1561,1560,,,1625,1546.6
139,1524,1534,1556,1565,1570,,,1628,1549.8
140,1536,1550,1518,1578,1569,,,1629,1550.2
141,1521,1557,1531,1558,1571,,,1635.8,1547.6
142,1527,1552,1537,1551,1563,,,1634.4,1546
143,1537,1550,1566,1556,1558,,,1635.2,1553.4
144,1541,1546,1552,1557,1549,,,1635.6,1549
145,1539,1542,1565,1535,1550,,,1637.8,1546.2
146,1535,1532,1587,1559,1538,,,1629.2,1550.2
147,1521,1558,1576,1548,1555,,,1636.6,1551.6
148,1542,1571,1602,1581,1569,,,1633,1573
149,1514,1538,1596,1560,1563,,,1641,1554.2
150,1539,1538,1576,1592,1579,,,1641.8,1564.8
151,1531,1561,1569,1591,1587,,,1647.4,1567.8
152,1532,1569,1588,1594,1563,,,1645,1569.2
153,1530,1543,1581,1604,1570,,,1644.8,1565.6
154,1527,1564,1594,1595,1577,,,1650.8,1571.4
155,1529,1548,1598,1579,1581,,,1651.2,1567
156,1528,1565,1593,1579,1581,,,1650.2,1569.2
157,1532,1572,1560,1593,1598,,,1649.6,1571
158,1536,1570,1539,1582,1550,,,1654.8,1555.4
159,1534,1568,1557,1582,1593,,,1653.4,1566.8
160,1531,1560,1574,1571,1595,,,1655.2,1566.2
161,1531,1570,1563,1588,1596,,,1655.6,1569.6
162,1539,1566,1576,1600,1581,,,1655,1572.4
163,1556,1578,1583,1602,1593,,,1655.2,1582.4
164,1566,1577,1591,1603,1595,,,1658.4,1586.4
165,1555,1596,1574,1593,1591,,,1659,1581.8
166,1558,1575,1581,1603,1596,,,1657,1582.6
167,1559,1564,1591,1594,1568,,,1660.8,1575.2
168,1558,1569,1580,1625,1578,,,1666.4,1582
169,1561,1558,1584,1621,1571,,,1664.8,1579
170,1559,1557,1577,1611,1599,,,1675.6,1580.6
171,1567,1551,1590,1608,1588,,,1675.8,1580.8
172,1530,1573,1581,1624,1596,,,1678.4,1580.8
173,1568,1566,1612,1612,1595,,,1679.2,1590.6
174,1566,1583,1610,1615,1594,,,1681,1593.6
175,1562,1586,1609,1607,1603,,,1679.2,1593.4
176,1557,1553,1612,1631,1606,,,1679,1591.8
177,1544,1563,1623,1645,1600,,,1679.6,1595
178,1567,1571,1644,1635,1591,,,1680,1601.6
179,1561,1570,1667,1646,1620,,,1680.2,1612.8
180,1534,1588,1671,1632,1571,,,1680.4,1599.2
181,1561,1569,1648,1629,1643,,,1681,1610
182,1558,1574,1641,1627,1612,,,1692.6,1602.4
183,1565,1576,1655,1636,1582,,,1687.4,1602.8
184,1569,1583,1642,1642,1599,,,1687.4,1607
185,1558,1579,1663,1645,1611,,,1687.4,1611.2
186,1557,1575,1661,1626,1614,,,1687.4,1606.6
187,1578,1572,1650,1607,1630,,,1690.8,1607.4
188,1577,1566,1624,1619,1615,,,1689.2,1600.2
189,1577,1571,1644,1621,1643,,,1689.2,1611.2
190,1582,1594,1671,1646,1641,,,1688.4,1626.8
191,1587,1589,1668,1633,1649,,,1691.2,1625.2
192,1572,1579,1655,1633,1630,,,1688.4,1613.8
193,1563,1592,1647,1645,1641,,,1689,1617.6
194,1568,1596,1666,1628,1634,,,1688.8,1618.4
195,1575,1569,1618,1618,1645,,,1695.6,1605
196,1565,1563,1607,1616,1597,,,1690,1589.6
197,1576,1579,1642,1625,1608,,,1697.2,1606
198,1561,1542,1646,1646,1577,,,1690.8,1594.4
199,1569,1580,1644,1661,1614,,,1696,1613.6
200,1564,1566,1659,1657,1612,,,1696,1611.6
201,1587,1580,1682,1626,1613,,,1693.8,1617.6
202,1599,1595,1679,1620,1615,,,1693.4,1621.6
203,1552,1588,1683,1641,1604,,,1693.6,1613.6
204,1573,1576,1702,1627,1600,,,1698.6,1615.6
205,1587,1592,1692,1657,1603,,,1702,1626.2
206,1598,1589,1668,1652,1622,,,1702,1625.8
207,1574,1562,1687,1652,1616,,,1704.4,1618.2
208,1557,1576,1686,1648,1641,,,1706.8,1621.6
209,1582,1557,1696,1663,1642,,,1704.6,1628
210,1586,1563,1689,1651,1653,,,1704.6,1628.4
211,1589,1577,1678,1639,1675,,,1704.6,1631.6
212,1590,1560,1689,1674,1678,,,1704.6,1638.2
213,1590,1594,1688,1640,1664,,,1705.4,1635.2
214,1580,1588,1680,1655,1660,,,1708.4,1632.6
215,1566,1602,1665,1647,1653,,,1708.4,1626.6
216,1572,1611,1668,1639,1666,,,1708.4,1631.2
217,1586,1611,1641,1637,1658,,,1709,1626.6
218,1588,1593,1669,1659,1669,,,1709,1635.6
219,1598,1604,1676,1628,1664,,,1709.2,1634
220,1594,1610,1659,1633,1681,,,1709.6,1635.4
221,1593,1599,1674,1649,1667,,,1709.4,1636.4
222,1569,1616,1678,1653,1674,,,1711.4,1638
223,1588,1592,1664,1650,1687,,,1714,1636.2
224,1603,1602,1686,1653,1663,,,1715.8,1641.4
225,1602,1578,1727,1663,1663,,,1716.2,1646.6
226,1613,1573,1711,1666,1676,,,1716.2,1647.8
227,1604,1595,1710,1652,1670,,,1716.8,1646.2
228,1621,1608,1701,1664,1641,,,1716.8,1647
229,1599,1608,1689,1676,1672,,,1716.8,1648.8
230,1618,1579,1708,1669,1666,,,1717,1648
231,1619,1592,1689,1673,1647,,,1717,1644
232,1616,1608,1706,1664,1657,,,1719.4,1650.2
233,1613,1613,1691,1661,1690,,,1716,1653.6
234,1617,1593,1690,1655,1686,,,1715.6,1648.2
235,1617,1578,1705,1657,1653,,,1716,1642
236,1603,1589,1676,1661,1643,,,1717,1634.4
237,1606,1589,1708,1663,1668,,,1718.6,1646.8
238,1615,1589,1697,1667,1668,,,1716.6,1647.2
239,1605,1619,1697,1656,1676,,,1718,1650.6
240,1606,1604,1695,1661,1672,,,1718.2,1647.6
241,1607,1613,1709,1668,1683,,,1720,1656
242,1586,1615,1707,1687,1668,,,1719.4,1652.6
243,1603,1606,1723,1680,1648,,,1719,1652
244,1600,1581,1725,1675,1679,,,1719,1652
245,1594,1572,1736,1674,1682,,,1719.8,1651.6
246,1604,1588,1739,1699,1672,,,1721.2,1660.4
247,1598,1594,1724,1655,1689,,,1720.4,1652
248,1597,1608,1706,1670,1680,,,1720.8,1652.2
249,1609,1616,1706,1674,1678,,,1721.2,1656.6
250,1606,1610,1721,1657,1673,,,1721.2,1653.4
251,1588,1586,1709,1653,1656,,,1721.2,1638.4
252,1612,1574,1723,1635,1635,,,1721.6,1635.8
253,1597,1572,1718,1669,1617,,,1721.6,1634.6
254,1603,1574,1752,1689,1658,,,1725,1655.2
255,1615,1595,1731,1664,1658,,,1725,1652.6
256,1608,1590,1732,1658,1640,,,1725.2,1645.6
257,1616,1586,1719,1672,1635,,,1723.4,1645.6
258,1593,1577,1717,1694,1680,,,1723.4,1652.2
259,1600,1589,1728,1688,1676,,,1722.6,1656.2
260,1592,1569,1737,1671,1663,,,1722.6,1646.4
261,1593,1579,1721,1678,1652,,,1722.6,1644.6
262,1586,1595,1737,1658,1664,,,1723,1648
263,1592,1568,1733,1665,1654,,,1726.2,1642.4
264,1604,1590,1735,1682,1661,,,1725.4,1654.4
265,1607,1606,1750,1664,1668,,,1724.4,1659
266,1622,1603,1729,1687,1664,,,1722.8,1661
267,1605,1589,1749,1660,1685,,,1723,1657.6
268,1586,1594,1721,1675,1676,,,1724.2,1650.4
269,1610,1588,1740,1661,1659,,,1724.2,1651.6
270,1602,1603,1741,1663,1665,,,1725.4,1654.8
271,1610,1612,1736,1678,1675,,,1725.2,1662.2
272,1595,1603,1715,1662,1667,,,1725.2,1648.4
273,1616,1582,1734,1680,1653,,,1725.2,1653
274,1613,1611,1750,1671,1662,,,1725.6,1661.4
275,1602,1602,1720,1689,1671,,,1725.2,1656.8
276,1603,1607,1746,1677,1673,,,1726.2,1661.2
277,1607,1604,1715,1699,1662,,,1729.6,1657.4
278,1591,1618,1700,1659,1659,,,1730,1645.4
279,1622,1623,1706,1687,1682,,,1730,1664
280,1607,1623,1720,1682,1668,,,1729.8,1660
281,1608,1621,1713,1685,1670,,,1730.2,1659.4
282,1611,1617,1740,1688,1681,,,1731.2,1667.4
283,1617,1573,1730,1695,1670,,,1730.8,1657
284,1617,1627,1736,1674,1678,,,1730.8,1666.4
285,1630,1605,1751,1687,1663,,,1730.6,1667.2
286,1575,1606,1772,1643,1650,,,1728.8,1649.2
287,1581,1612,1760,1673,1657,,,1732,1656.6
288,1577,1605,1738,1675,1669,,,1735.6,1652.8
289,1608,1568,1748,1692,1687,,,1737.6,1660.6
290,1582,1585,1726,1670,1670,,,1737.6,1646.6
291,1603,1566,1713,1658,1673,,,1737.8,1642.6
292,1602,1613,1732,1677,1672,,,1737.4,1659.2
293,1605,1609,1741,1689,1689,,,1736.8,1666.6
294,1599,1617,1733,1681,1685,,,1735.2,1663
295,1610,1616,1703,1672,1687,,,1740,1657.6
296,1617,1584,1726,1682,1665,,,1737,1654.8
297,1607,1617,1726,1698,1658,,,1740,1661.2
298,1605,1584,1752,1689,1692,,,1737.4,1664.4
299,1600,1607,1746,1674,1693,,,1740.2,1664
300,1615,1609,1752,1663,1686,,,1738.4,1665
301,1643,1592,1756,1668,1692,,,1740.2,1670.2
302,1643,1594,1725,1676,1685,,,1739,1664.6
303,1644,1590,1716,1685,1689,,,1740.8,1664.8
304,1625,1595,1710,1692,1675,,,1740.8,1659.4
305,1618,1615,1737,1686,1667,,,1742,1664.6
306,1616,1604,1706,1692,1671,,,1740.8,1657.8
307,1646,1602,1729,1689,1696,,,1742.8,1672.4
308,1642,1611,1723,1694,1682,,,1742.8,1670.4
309,1631,1600,1734,1689,1691,,,1743.2,1669
310,1639,1577,1751,1685,1682,,,1743.2,1666.8
311,1632,1603,1768,1688,1668,,,1743.2,1671.8
312,1650,1608,1760,1692,1676,,,1743.2,1677.2
313,1656,1618,1770,1684,1692,,,1746,1684
314,1655,1621,1763,1682,1682,,,1747,1680.6
315,1659,1620,1738,1677,1669,,,1743.8,1672.6
316,1664,1636,1741,1693,1653,,,1744.6,1677.4
317,1652,1617,1755,1694,1674,,,1743.6,1678.4
318,1644,1612,1755,1699,1676,,,1742,1677.2
319,1673,1608,1743,1677,1665,,,1743.8,1673.2
320,1678,1619,1729,1661,1701,,,1743,1677.6
321,1645,1600,1724,1686,1698,,,1743,1670.6
322,1666,1593,1722,1672,1695,,,1743,1669.6
323,1628,1613,1731,1712,1695,,,1747,1675.8
324,1640,1558,1746,1698,1679,,,1747.4,1664.2
325,1656,1576,1758,1685,1667,,,1748,1668.4
326,1642,1566,1763,1694,1696,,,1754,1672.2
327,1670,1565,1757,1675,1700,,,1753.2,1673.4
328,1659,1584,1738,1694,1685,,,1747.4,1672
329,1660,1582,1740,1685,1717,,,1748.4,1676.8
330,1633,1604,1760,1660,1708,,,1748.8,1673
331,1626,1601,1737,1665,1704,,,1749,1666.6
332,1628,1616,1755,1665,1689,,,1747.8,1670.6
333,1654,1582,1748,1676,1678,,,1749.2,1667.6
334,1654,1612,1742,1695,1680,,,1749.2,1676.6
335,1661,1595,1716,1704,1694,,,1750.6,1674
336,1666,1610,1717,1675,1683,,,1750.6,1670.2
337,1642,1603,1742,1685,1699,,,1752.8,1674.2
338,1659,1545,1754,1693,1691,,,1756.2,1668.4
339,1654,1603,1762,1678,1686,,,1749,1676.6
340,1656,1598,1742,1696,1684,,,1749.2,1675.2
341,1670,1596,1745,1678,1675,,,1749.4,1672.8
342,1673,1585,1738,1635,1700,,,1749.6,1666.2
343,1674,1603,1735,1673,1700,,,1750.2,1677
344,1679,1586,1735,1675,1705,,,1750.2,1676
345,1657,1591,1755,1662,1672,,,1751,1667.4
346,1682,1604,1714,1676,1702,,,1750.2,1675.6
347,1683,1599,1729,1678,1700,,,1750.6,1677.8
348,1653,1573,1751,1706,1692,,,1752.2,1675
349,1662,1600,1752,1686,1693,,,1751.4,1678.6
350,1672,1624,1725,1665,1697,,,1752.2,1676.6
351,1701,1609,1727,1661,1685,,,1754.8,1676.6
352,1682,1589,1724,1686,1683,,,1752.6,1672.8
353,1676,1595,1731,1673,1671,,,1750.6,1669.2
354,1693,1620,1736,1673,1698,,,1751.4,1684
355,1705,1563,1769,1679,1686,,,1753.6,1680.4
356,1687,1581,1762,1671,1702,,,1755.2,1680.6
357,1671,1606,1764,1680,1702,,,1752.2,1684.6
358,1674,1593,1766,1666,1710,,,1753.2,1681.8
359,1670,1621,1770,1683,1674,,,1752.8,1683.6
360,1671,1613,1732,1692,1717,,,1753.6,1685
361,1691,1613,1714,1692,1725,,,1754.8,1687
362,1686,1591,1704,1694,1693,,,1754,1673.6
363,1668,1599,1744,1693,1701,,,1754,1681
364,1647,1597,1753,1686,1721,,,1754,1680.8
365,1669,1616,1753,1679,1698,,,1754,1683
366,1653,1602,1756,1694,1698,,,1755.4,1680.6
367,1674,1616,1735,1690,1687,,,1757.2,1680.4
368,1657,1588,1729,1676,1693,,,1756.4,1668.6
369,1681,1612,1740,1679,1701,,,1756.4,1682.6
370,1690,1619,1749,1672,1712,,,1758,1688.4
371,1690,1610,1745,1685,1699,,,1758,1685.8
372,1701,1606,1750,1702,1682,,,1758,1688.2
373,1688,1587,1749,1703,1683,,,1758,1682
374,1695,1625,1744,1701,1691,,,1759,1691.2
375,1707,1594,1745,1683,1701,,,1759,1686
376,1674,1609,1755,1690,1695,,,1759,1684.6
377,1677,1610,1760,1696,1716,,,1759,1691.8
378,1661,1603,1756,1703,1720,,,1761.8,1688.6
379,1684,1599,1767,1691,1699,,,1761.6,1688
380,1702,1596,1740,1704,1694,,,1761.6,1687.2
381,1685,1568,1754,1705,1716,,,1761.6,1685.6
382,1714,1585,1730,1687,1712,,,1761.8,1685.6
383,1684,1596,1733,1700,1730,,,1761.6,1688.6
384,1688,1597,1738,1715,1725,,,1761,1692.6
385,1657,1605,1754,1687,1715,,,1761,1683.6
386,1689,1609,1766,1701,1714,,,1761,1695.8
387,1700,1624,1761,1712,1713,,,1760.8,1702
388,1680,1613,1760,1708,1701,,,1760.8,1692.4
389,1671,1615,1770,1705,1727,,,1760.8,1697.6
390,1706,1604,1764,1711,1720,,,1760.8,1701
391,1704,1622,1762,1707,1708,,,1759.8,1700.6
392,1685,1624,1761,1681,1703,,,1759,1690.8
393,1689,1598,1754,1658,1730,,,1760.4,1685.8
394,1716,1626,1759,1663,1721,,,1759.6,1697
395,1711,1588,1747,1685,1721,,,1759.6,1690.4
396,1707,1608,1759,1691,1733,,,1759.6,1699.6
397,1701,1606,1713,1686,1733,,,1759.6,1687.8
398,1700,1605,1735,1695,1714,,,1759.4,1689.8
399,1686,1606,1769,1684,1721,,,1761,1693.2
400,1679,1602,1753,1675,1728,,,1761,1687.4
401,1683,1601,1761,1671,1730,,,1762.4,1689.2
402,1679,1623,1772,1679,1711,,,1760.2,1692.8
403,1701,1608,1762,1687,1731,,,1759.8,1697.8
404,1691,1591,1766,1694,1731,,,1759.8,1694.6
405,1702,1584,1769,1651,1723,,,1760.8,1685.8
406,1694,1582,1768,1655,1717,,,1759.8,1683.2
407,1686,1590,1769,1653,1726,,,1759.8,1684.8
408,1680,1613,1778,1672,1723,,,1761,1693.2
409,1688,1594,1782,1669,1717,,,1761,1690
410,1699,1608,1744,1681,1706,,,1762.2,1687.6
411,1696,1609,1767,1696,1737,,,1761.6,1701
412,1704,1597,1777,1712,1728,,,1761.8,1703.6
413,1692,1617,1763,1699,1717,,,1761.8,1697.6
414,1685,1615,1774,1697,1707,,,1761,1695.6
415,1690,1628,1770,1702,1705,,,1761,1699
416,1702,1613,1785,1671,1730,,,1761.8,1700.2
417,1673,1604,1772,1694,1697,,,1761.6,1688
418,1686,1602,1750,1685,1708,,,1761.6,1686.2
419,1699,1603,1744,1662,1705,,,1762,1682.6
420,1696,1609,1757,1681,1699,,,1761.8,1688.4
421,1684,1613,1767,1669,1720,,,1764,1690.6
422,1686,1598,1738,1654,1715,,,1762.8,1678.2
423,1681,1602,1732,1680,1727,,,1762.2,1684.4
424,1689,1601,1736,1694,1721,,,1764.8,1688.2
425,1688,1610,1747,1685,1708,,,1766.2,1687.6
426,1695,1598,1759,1672,1728,,,1766.2,1690.4
427,1710,1589,1719,1687,1733,,,1766.6,1687.6
428,1716,1588,1756,1663,1730,,,1766.6,1690.6
429,1725,1605,1715,1678,1713,,,1765.4,1687.2
430,1720,1608,1745,1677,1736,,,1765.4,1697.2
431,1698,1623,1786,1644,1704,,,1765.6,1691
432,1677,1609,1800,1651,1726,,,1765.4,1692.6
433,1701,1591,1766,1679,1712,,,1765.2,1689.8
434,1709,1619,1786,1675,1719,,,1765.4,1701.6
435,1710,1598,1775,1690,1718,,,1765.4,1698.2
436,1670,1599,1799,1684,1707,,,1765.4,1691.8
437,1672,1600,1774,1686,1710,,,1765.4,1688.4
438,1697,1607,1781,1675,1722,,,1765.4,1696.4
439,1675,1595,1762,1641,1713,,,1765.4,1677.2
440,1709,1590,1798,1664,1722,,,1765.4,1696.6
441,1694,1592,1776,1681,1722,,,1765.4,1693
442,1702,1606,1776,1679,1708,,,1765.4,1694.2
443,1714,1590,1758,1688,1728,,,1767.8,1695.6
444,1705,1624,1760,1675,1733,,,1765.6,1699.4
445,1734,1606,1756,1670,1712,,,1767,1695.6
446,1716,1616,1738,1667,1733,,,1767,1694
447,1689,1605,1770,1661,1706,,,1765.8,1686.2
448,1716,1616,1764,1667,1731,,,1767.4,1698.8
449,1704,1615,1742,1682,1734,,,1767.4,1695.4
450,1698,1582,1771,1680,1722,,,1767,1690.6
451,1698,1573,1779,1647,1720,,,1767.2,1683.4
452,1711,1588,1792,1668,1726,,,1767.2,1697
453,1695,1583,1780,1681,1737,,,1766.2,1695.2
454,1660,1588,1764,1651,1746,,,1766.2,1681.8
455,1677,1573,1796,1659,1720,,,1766.4,1685
456,1706,1602,1785,1663,1726,,,1766.8,1696.4
457,1690,1600,1769,1669,1724,,,1766.8,1690.4
458,1711,1612,1768,1668,1731,,,1766.8,1698
459,1713,1581,1798,1674,1749,,,1768.4,1703
460,1699,1587,1786,1705,1746,,,1769,1704.6
461,1713,1604,1757,1690,1708,,,1769,1694.4
462,1686,1614,1781,1718,1724,,,1769,1704.6
463,1707,1610,1780,1690,1731,,,1767.4,1703.6
464,1709,1616,1777,1696,1724,,,1767.4,1704.4
465,1687,1591,1785,1685,1732,,,1767.8,1696
466,1715,1601,1774,1713,1755,,,1768.2,1711.6
467,1716,1607,1776,1698,1734,,,1768.4,1706.2
468,1711,1602,1793,1700,1730,,,1768.2,1707.2
469,1698,1623,1788,1692,1716,,,1768.2,1703.4
470,1691,1617,1769,1712,1728,,,1767.8,1703.4
471,1720,1613,1772,1697,1718,,,1767.8,1704
472,1706,1617,1766,1684,1737,,,1768.4,1702
473,1721,1603,1784,1701,1728,,,1768.4,1707.4
474,1726,1572,1780,1690,1707,,,1768.6,1695
475,1702,1626,1775,1686,1707,,,1768.6,1699.2
476,1711,1618,1775,1655,1705,,,1768.6,1692.8
477,1677,1598,1803,1678,1713,,,1768.6,1693.8
478,1705,1596,1797,1696,1709,,,1768.6,1700.6
479,1687,1611,1786,1690,1705,,,1769,1695.8
480,1699,1610,1778,1692,1715,,,1769,1698.8
481,1703,1594,1744,1698,1708,,,1771,1689.4
482,1668,1622,1737,1689,1682,,,1770.2,1679.6
483,1705,1618,1743,1705,1735,,,1769,1701.2
484,1701,1621,1763,1717,1705,,,1769,1701.4
485,1715,1624,1750,1711,1714,,,1770.2,1702.8
486,1691,1620,1744,1699,1734,,,1771,1697.6
487,1707,1626,1766,1698,1732,,,1771,1705.8
488,1695,1573,1751,1691,1718,,,1771,1685.6
489,1715,1616,1770,1666,1698,,,1770,1693
490,1686,1605,1780,1670,1720,,,1770.6,1692.2
491,1679,1618,1792,1689,1694,,,1770.4,1694.4
492,1697,1613,1771,1651,1723,,,1770.6,1691
493,1715,1625,1773,1660,1725,,,1770.6,1699.6
494,1702,1628,1785,1671,1723,,,1770.6,1701.8
495,1705,1618,1779,1663,1730,,,1771.4,1699
496,1723,1596,1780,1696,1708,,,1771.4,1700.6
497,1736,1587,1768,1686,1699,,,1771,1695.2
498,1726,1588,1791,1701,1687,,,1770.8,1698.6
499,1723,1523,1789,1698,1708,,,1771,1688.2
500,1692,1565,1809,1702,1711,,,1770.8,1695.8
501,1708,1567,1793,1680,1724,,,1771,1694.4
502,1708,1605,1785,1689,1737,,,1770.8,1704.8
503,1695,1594,1794,1701,1734,,,1771.2,1703.6
504,1677,1600,1779,1679,1731,,,1771.8,1693.2
505,1692,1583,1759,1661,1745,,,1771.8,1688
506,1702,1588,1794,1678,1709,,,1771.2,1694.2
507,1695,1596,1777,1681,1712,,,1772,1692.2
508,1705,1588,1777,1687,1739,,,1773,1699.2
509,1689,1597,1782,1686,1699,,,1773,1690.6
510,1721,1584,1760,1719,1735,,,1772,1703.8
511,1701,1600,1809,1700,1729,,,1772.8,1707.8
512,1721,1624,1775,1696,1706,,,1772.8,1704.4
513,1710,1625,1795,1709,1720,,,1772.8,1711.8
514,1693,1626,1766,1689,1702,,,1772.8,1695.2
515,1723,1620,1776,1708,1723,,,1772.8,1710
516,1717,1597,1784,1701,1740,,,1773.2,1707.8
517,1725,1632,1771,1678,1734,,,1772.4,1708
518,1709,1629,1760,1719,1726,,,1774.4,1708.6
519,1715,1619,1775,1704,1717,,,1774.4,1706
520,1694,1597,1777,1718,1708,,,1774.4,1698.8
521,1710,1580,1769,1711,1720,,,1773.4,1698
522,1712,1598,1798,1718,1728,,,1774,1710.8
523,1718,1612,1781,1688,1728,,,1774.2,1705.4
524,1703,1593,1785,1697,1727,,,1774.2,1701
525,1700,1626,1790,1713,1699,,,1774.2,1705.6
526,1697,1608,1793,1684,1735,,,1774.2,1703.4
527,1660,1593,1790,1705,1735,,,1774.4,1696.6
528,1678,1577,1764,1702,1728,,,1773.4,1689.8
529,1673,1553,1765,1710,1729,,,1773.4,1686
530,1700,1589,1753,1688,1726,,,1773.6,1691.2
531,1720,1617,1798,1712,1719,,,1773.8,1713.2
532,1715,1576,1796,1708,1747,,,1776.4,1708.4
533,1705,1604,1799,1691,1721,,,1777.2,1704
534,1682,1606,1796,1708,1729,,,1776.2,1704.2
535,1720,1601,1763,1702,1737,,,1778.6,1704.6
536,1718,1595,1786,1710,1749,,,1777.4,1711.6
537,1685,1602,1774,1704,1730,,,1778.8,1699
538,1664,1614,1773,1700,1720,,,1778.8,1694.2
539,1676,1611,1765,1696,1749,,,1780.6,1699.4
540,1715,1612,1775,1681,1743,,,1781.8,1705.2
541,1710,1608,1754,1715,1722,,,1780.6,1701.8
542,1697,1617,1741,1702,1749,,,1781,1701.2
543,1665,1589,1770,1720,1734,,,1781,1695.6
544,1701,1613,1778,1722,1743,,,1780.6,1711.4
545,1694,1599,1790,1713,1706,,,1780.8,1700.4
546,1700,1571,1746,1722,1726,,,1781,1693
547,1699,1598,1769,1717,1714,,,1781,1699.4
548,1710,1611,1781,1718,1738,,,1781.4,1711.6
549,1700,1604,1766,1715,1744,,,1781.4,1705.8
550,1699,1604,1767,1703,1737,,,1782.6,1702
551,1719,1585,1757,1711,1726,,,1781.6,1699.6
552,1675,1613,1780,1725,1735,,,1781.6,1705.6
553,1700,1562,1783,1732,1736,,,1782,1702.6
554,1697,1584,1782,1743,1711,,,1781.6,1703.4
555,1710,1598,1796,1724,1718,,,1782.2,1709.2
556,1701,1573,1790,1740,1741,,,1782.2,1709
557,1699,1589,1801,1719,1758,,,1782.4,1713.2
558,1717,1596,1801,1720,1743,,,1782.8,1715.4
559,1712,1598,1802,1698,1758,,,1782.8,1713.6
560,1732,1606,1782,1708,1749,,,1782.6,1715.4
561,1702,1622,1779,1695,1745,,,1782.6,1708.6
562,1702,1594,1761,1710,1748,,,1782.6,1703
563,1679,1613,1767,1709,1736,,,1782.6,1700.8
564,1695,1592,1777,1731,1726,,,1782.4,1704.2
565,1719,1587,1786,1713,1718,,,1782.4,1704.6
566,1706,1578,1764,1716,1722,,,1782.4,1697.2
567,1694,1593,1788,1708,1732,,,1782.6,1703
568,1692,1617,1807,1717,1727,,,1782.6,1712
569,1702,1610,1799,1737,1712,,,1782.8,1712
570,1692,1602,1790,1726,1714,,,1783,1704.8
571,1709,1597,1805,1726,1717,,,1783.8,1710.8
572,1667,1598,1800,1710,1711,,,1784,1697.2
573,1672,1587,1810,1720,1703,,,1783.8,1698.4
574,1673,1561,1770,1717,1724,,,1783.8,1689
575,1682,1577,1752,1709,1729,,,1783.8,1689.8
576,1696,1586,1785,1728,1734,,,1783.8,1705.8
577,1667,1614,1764,1696,1726,,,1783.8,1693.4
578,1689,1580,1759,1705,1719,,,1783.8,1690.4
579,1711,1592,1733,1726,1738,,,1784.6,1700
580,1698,1615,1744,1711,1717,,,1784.6,1697
581,1707,1589,1752,1718,1733,,,1785,1699.8
582,1649,1623,1753,1726,1752,,,1785,1700.6
583,1702,1621,1773,1720,1748,,,1787.2,1712.8
584,1683,1624,1773,1739,1755,,,1786.6,1714.8
585,1713,1623,1799,1710,1715,,,1787.6,1712
586,1694,1622,1790,1684,1721,,,1787.4,1702.2
587,1682,1598,1768,1732,1736,,,1787.2,1703.2
588,1695,1595,1757,1712,1729,,,1787.4,1697.6
589,1668,1572,1764,1746,1712,,,1790.8,1692.4
590,1682,1577,1770,1755,1752,,,1792.2,1707.2
591,1712,1616,1788,1731,1738,,,1787.2,1717
592,1726,1600,1797,1750,1704,,,1787.2,1715.4
593,1694,1616,1779,1763,1720,,,1787.2,1714.4
594,1716,1621,1779,1710,1737,,,1790.6,1712.6
595,1719,1613,1765,1698,1722,,,1790.6,1703.4
596,1697,1620,1773,1746,1718,,,1790.6,1710.8
597,1686,1589,1801,1736,1734,,,1790.6,1709.2
598,1658,1614,1793,1745,1749,,,1787.4,1711.8
599,1701,1616,1811,1742,1739,,,1789,1721.8
600,1704,1621,1790,1747,1714,,,1793.6,1715.2
601,1717,1611,1767,1761,1739,,,1794.2,1719
602,1660,1613,1777,1731,1721,,,1792,1700.4
603,1706,1614,1771,1709,1705,,,1787.4,1701
604,1716,1614,1774,1714,1723,,,1787.4,1708.2
605,1747,1606,1774,1733,1717,,,1787.4,1715.4
606,1698,1622,1783,1735,1734,,,1787.8,1714.4
607,1715,1605,1792,1730,1725,,,1787.8,1713.4
608,1727,1601,1762,1754,1706,,,1793.8,1710
609,1743,1618,1776,1752,1718,,,1793.8,1721.4
610,1719,1596,1761,1757,1734,,,1793.8,1713.4
611,1688,1607,1775,1747,1733,,,1794,1710
612,1675,1605,1755,1750,1723,,,1794.4,1701.6
613,1698,1617,1773,1748,1750,,,1794.2,1717.2
614,1713,1627,1764,1738,1740,,,1794.2,1716.4
615,1706,1617,1780,1752,1725,,,1794,1716
616,1704,1631,1773,1744,1736,,,1794,1717.6
617,1678,1622,1765,1740,1747,,,1794,1710.4
618,1677,1630,1770,1715,1753,,,1794.2,1709
619,1688,1600,1788,1739,1759,,,1794.2,1714.8
620,1705,1607,1787,1767,1749,,,1797,1723
621,1702,1612,1780,1778,1734,,,1797,1721.2
622,1702,1632,1804,1768,1699,,,1797.4,1721
623,1694,1615,1813,1766,1741,,,1797.4,1725.8
624,1729,1613,1780,1758,1744,,,1797.4,1724.8
625,1707,1612,1787,1766,1750,,,1797.4,1724.4
626,1725,1609,1749,1743,1736,,,1797.4,1712.4
627,1704,1586,1758,1748,1751,,,1797.4,1709.4
628,1712,1614,1799,1735,1732,,,1794.4,1718.4
629,1709,1585,1795,1745,1749,,,1797.4,1716.6
630,1724,1617,1811,1779,1755,,,1798.4,1737.2
631,1725,1586,1812,1756,1733,,,1799,1722.4
632,1716,1604,1804,1763,1724,,,1799.2,1722.2
633,1724,1620,1823,1748,1735,,,1799.4,1730
634,1687,1578,1804,1746,1722,,,1799.2,1707.4
635,1709,1582,1778,1746,1756,,,1796.8,1714.2
636,1694,1606,1789,1781,1745,,,1796.2,1723
637,1690,1609,1804,1768,1742,,,1797.8,1722.6
638,1703,1603,1794,1770,1704,,,1798,1714.8
639,1699,1614,1784,1783,1733,,,1798,1722.6
640,1692,1616,1759,1764,1743,,,1798,1714.8
641,1694,1629,1772,1755,1719,,,1798,1713.8
642,1716,1617,1767,1756,1743,,,1798,1719.8
643,1733,1596,1776,1776,1715,,,1798,1719.2
644,1724,1618,1779,1796,1715,,,1797.6,1726.4
645,1696,1608,1777,1762,1735,,,1798.2,1715.6
646,1721,1591,1775,1783,1733,,,1796.6,1720.6
647,1696,1605,1750,1783,1733,,,1797.8,1713.4
648,1703,1615,1722,1783,1720,,,1797.8,1708.6
649,1719,1612,1738,1792,1710,,,1800.2,1714.2
650,1724,1614,1769,1773,1743,,,1800.2,1724.6
651,1713,1611,1806,1761,1726,,,1800.2,1723.4
652,1697,1597,1806,1745,1750,,,1800.8,1719
653,1674,1620,1764,1756,1756,,,1801.4,1714
654,1710,1608,1770,1744,1751,,,1800.8,1716.6
655,1721,1625,1771,1740,1744,,,1800.6,1720.2
656,1709,1598,1766,1770,1748,,,1798.8,1718.2
657,1704,1595,1794,1771,1735,,,1799.6,1719.8
658,1710,1621,1809,1767,1729,,,1798.4,1727.2
659,1688,1621,1794,1763,1705,,,1799.4,1714.2
660,1704,1618,1794,1770,1730,,,1799,1723.2
661,1718,1598,1810,1765,1733,,,1800,1724.8
662,1707,1600,1796,1762,1766,,,1799,1726.2
663,1735,1622,1800,1775,1758,,,1799,1738
664,1720,1612,1808,1749,1747,,,1799,1727.2
665,1717,1620,1804,1751,1734,,,1799,1725.2
666,1706,1617,1798,1772,1748,,,1799.4,1728.2
667,1695,1627,1801,1772,1742,,,1799.4,1727.4
668,1741,1591,1784,1768,1707,,,1799.4,1718.2
669,1726,1610,1776,1774,1720,,,1799,1721.2
670,1743,1600,1782,1782,1747,,,1799,1730.8
671,1724,1602,1804,1780,1714,,,1799.8,1724.8
672,1732,1622,1807,1767,1726,,,1799.4,1730.8
673,1688,1590,1795,1784,1727,,,1799,1716.8
674,1695,1614,1812,1752,1744,,,1799,1723.4
675,1714,1610,1792,1754,1749,,,1800.8,1723.8
676,1699,1619,1808,1763,1727,,,1800.8,1723.2
677,1721,1615,1815,1780,1743,,,1800.8,1734.8
678,1728,1629,1816,1788,1741,,,1799.6,1740.4
679,1717,1615,1802,1795,1739,,,1799.8,1733.6
680,1708,1606,1804,1771,1768,,,1799.6,1731.4
681,1717,1595,1794,1758,1768,,,1799.6,1726.4
682,1698,1591,1803,1789,1750,,,1799.6,1726.2
683,1711,1609,1790,1761,1732,,,1799.6,1720.6
684,1715,1606,1813,1768,1752,,,1799.6,1730.8
685,1704,1595,1802,1786,1749,,,1799.6,1727.2
686,1730,1587,1829,1772,1741,,,1799.6,1731.8
687,1695,1612,1806,1778,1714,,,1799.6,1721
688,1722,1598,1799,1780,1733,,,1799.6,1726.4
689,1731,1611,1823,1769,1764,,,1799.6,1739.6
690,1727,1568,1801,1789,1748,,,1799.6,1726.6
691,1742,1581,1793,1785,1732,,,1799.6,1726.6
692,1737,1578,1813,1767,1757,,,1800,1730.4
693,1724,1596,1796,1769,1736,,,1800.4,1724.2
694,1731,1611,1809,1763,1767,,,1800.4,1736.2
695,1702,1615,1808,1766,1761,,,1800.4,1730.4
696,1721,1616,1812,1741,1750,,,1800.8,1728
697,1725,1603,1801,1753,1758,,,1800.4,1728
698,1711,1595,1805,1744,1761,,,1800.4,1723.2
699,1708,1608,1816,1747,1754,,,1800.4,1726.6
700,1733,1602,1800,1760,1762,,,1800.4,1731.4
701,1713,1613,1775,1771,1757,,,1800.4,1725.8
702,1725,1622,1791,1780,1722,,,1800.4,1728
703,1731,1605,1799,1762,1746,,,1802.6,1728.6
704,1738,1585,1796,1739,1727,,,1803,1717
705,1718,1603,1812,1771,1732,,,1800.8,1727.2
706,1703,1597,1789,1773,1740,,,1800.8,1720.4
707,1708,1614,1796,1773,1756,,,1800.8,1729.4
708,1738,1613,1783,1776,1749,,,1800.8,1731.8
709,1732,1605,1814,1774,1739,,,1800.8,1732.8
710,1716,1613,1826,1766,1744,,,1800.8,1733
711,1726,1611,1807,1769,1753,,,1800.8,1733.2
712,1717,1591,1775,1768,1758,,,1800.8,1721.8
713,1721,1597,1758,1782,1760,,,1801,1723.6
714,1690,1603,1798,1787,1764,,,1802.8,1728.4
715,1688,1612,1792,1777,1765,,,1802.8,1726.8
716,1728,1602,1777,1787,1761,,,1802.8,1731
717,1711,1621,1790,1766,1753,,,1802.8,1728.2
718,1695,1611,1792,1754,1722,,,1802.8,1714.8
719,1721,1596,1816,1788,1728,,,1802.8,1729.8
720,1714,1609,1776,1798,1731,,,1802.8,1725.6
721,1706,1622,1801,1779,1751,,,1802.8,1731.8
722,1699,1601,1792,1770,1754,,,1802.8,1723.2
723,1721,1612,1792,1744,1738,,,1802.8,1721.4
724,1732,1611,1800,1754,1732,,,1802.8,1725.8
725,1737,1620,1801,1782,1716,,,1802.8,1731.2
726,1739,1611,1786,1771,1706,,,1802.8,1722.6
727,1728,1618,1811,1768,1692,,,1802.8,1723.4
728,1719,1626,1800,1766,1688,,,1802.8,1719.8
729,1731,1568,1796,1786,1733,,,1802.8,1722.8
730,1730,1593,1783,1796,1702,,,1802.8,1720.8
731,1729,1617,1811,1771,1748,,,1802.8,1735.2
732,1749,1604,1812,1784,1731,,,1802.8,1736
733,1721,1629,1806,1797,1756,,,1802.8,1741.8
734,1722,1628,1784,1795,1763,,,1802.8,1738.4
735,1693,1631,1778,1778,1761,,,1802.8,1728.2
736,1707,1612,1792,1769,1743,,,1804,1724.6
737,1730,1619,1788,1772,1724,,,1804,1726.6
738,1744,1616,1823,1798,1751,,,1804.2,1746.4
739,1720,1602,1829,1780,1766,,,1803,1739.4
740,1746,1628,1822,1773,1775,,,1803,1748.8
741,1721,1636,1820,1774,1747,,,1803,1739.6
742,1684,1603,1823,1768,1767,,,1803.4,1729
743,1713,1622,1806,1776,1754,,,1803.4,1734.2
744,1700,1625,1753,1777,1741,,,1803.4,1719.2
745,1701,1614,1736,1764,1752,,,1803.8,1713.4
746,1699,1587,1768,1767,1738,,,1803.8,1711.8
747,1710,1609,1755,1733,1750,,,1803.8,1711.4
748,1710,1628,1795,1747,1756,,,1803.8,1727.2
749,1699,1626,1758,1764,1755,,,1803.4,1720.4
750,1721,1628,1787,1777,1733,,,1803.4,1729.2
751,1734,1624,1799,1775,1768,,,1803.4,1740
752,1707,1624,1792,1757,1761,,,1803.4,1728.2
753,1726,1638,1794,1763,1751,,,1803.4,1734.4
754,1727,1623,1784,1764,1757,,,1803.6,1731
755,1727,1624,1764,1750,1726,,,1803.6,1718.2
756,1732,1591,1790,1751,1752,,,1803.6,1723.2
757,1749,1600,1790,1748,1731,,,1803.6,1723.6
758,1751,1629,1812,1759,1737,,,1803.6,1737.6
759,1731,1626,1795,1775,1727,,,1803.8,1730.8
760,1711,1621,1796,1784,1733,,,1803.8,1729
761,1689,1627,1776,1777,1745,,,1803.8,1722.8
762,1726,1621,1808,1796,1740,,,1803.6,1738.2
763,1737,1625,1815,1779,1754,,,1803.8,1742
764,1734,1613,1793,1790,1771,,,1803.8,1740.2
765,1718,1620,1786,1804,1779,,,1804,1741.4
766,1717,1605,1791,1783,1740,,,1804.2,1727.2
767,1713,1621,1813,1797,1744,,,1804,1737.6
768,1703,1627,1804,1779,1751,,,1804,1732.8
769,1712,1611,1827,1761,1751,,,1803.8,1732.4
770,1729,1605,1825,1768,1749,,,1803.8,1735.2
771,1711,1621,1792,1790,1753,,,1804.2,1733.4
772,1726,1612,1804,1785,1766,,,1804.2,1738.6
773,1727,1620,1821,1771,1730,,,1804.2,1733.8
774,1726,1608,1804,1755,1746,,,1804.2,1727.8
775,1724,1589,1812,1781,1733,,,1804.2,1727.8
776,1743,1576,1827,1793,1747,,,1804.8,1737.2
777,1704,1590,1785,1779,1722,,,1804.8,1716
778,1735,1592,1791,1787,1711,,,1804.8,1723.2
779,1710,1602,1795,1781,1734,,,1804.8,1724.4
780,1705,1604,1814,1800,1708,,,1805,1726.2
781,1746,1635,1805,1791,1717,,,1804.8,1738.8
782,1732,1623,1807,1743,1744,,,1804.8,1729.8
783,1745,1607,1804,1760,1727,,,1805.4,1728.6
784,1737,1619,1793,1757,1726,,,1804.8,1726.4
785,1722,1622,1794,1782,1761,,,1804.8,1736.2
786,1741,1608,1806,1766,1755,,,1804.8,1735.2
787,1749,1616,1804,1766,1740,,,1804.8,1735
788,1727,1624,1784,1751,1744,,,1804.8,1726
789,1757,1628,1811,1773,1738,,,1804.8,1741.4
790,1756,1621,1800,1776,1735,,,1804.8,1737.6
791,1745,1627,1774,1797,1751,,,1804.8,1738.8
792,1721,1606,1791,1788,1771,,,1804.8,1735.4
793,1715,1619,1802,1776,1756,,,1805.2,1733.6
794,1720,1629,1820,1792,1759,,,1805.2,1744
795,1724,1621,1795,1797,1762,,,1805.4,1739.8
796,1728,1635,1785,1785,1736,,,1805.4,1733.8
797,1734,1619,1826,1805,1753,,,1805.4,1747.4
798,1738,1598,1808,1780,1745,,,1805.4,1733.8
799,1738,1594,1819,1753,1753,,,1805.4,1731.4
800,1742,1567,1792,1750,1746,,,1805,1719.4
801,1733,1594,1800,1748,1756,,,1805,1726.2
802,1732,1597,1822,1743,1747,,,1805,1728.2
803,1725,1617,1795,1766,1756,,,1805,1731.8
804,1738,1619,1803,1776,1737,,,1805,1734.6
805,1740,1632,1807,1784,1720,,,1805,1736.6
806,1736,1636,1803,1776,1745,,,1805,1739.2
807,1722,1631,1799,1793,1777,,,1805.2,1744.4
808,1713,1628,1825,1747,1762,,,1805.2,1735
809,1744,1618,1821,1761,1762,,,1805,1741.2
810,1726,1621,1813,1761,1776,,,1805.2,1739.4
811,1728,1605,1835,1767,1762,,,1805,1739.4
812,1728,1631,1816,1758,1728,,,1805,1732.2
813,1732,1594,1804,1768,1749,,,1805,1729.4
814,1704,1613,1827,1797,1762,,,1805.2,1740.6
815,1713,1632,1806,1751,1755,,,1805.2,1731.4
816,1734,1617,1805,1737,1756,,,1806,1729.8
817,1719,1588,1801,1727,1739,,,1806,1714.8
818,1734,1612,1821,1753,1732,,,1806,1730.4
819,1745,1612,1797,1759,1749,,,1806,1732.4
820,1733,1625,1819,1760,1752,,,1806,1737.8
821,1724,1626,1807,1770,1772,,,1806,1739.8
822,1698,1607,1835,1778,1777,,,1806,1739
823,1731,1627,1821,1774,1752,,,1806,1741
824,1745,1613,1801,1791,1762,,,1805.6,1742.4
825,1735,1604,1827,1783,1726,,,1805.6,1735
826,1724,1586,1798,1777,1744,,,1805.6,1725.8
827,1721,1588,1792,1790,1751,,,1805.6,1728.4
828,1734,1612,1812,1769,1724,,,1805.6,1730.2
829,1716,1599,1794,1784,1750,,,1805.4,1728.6
830,1730,1584,1819,1776,1774,,,1805,1736.6
831,1731,1606,1804,1802,1762,,,1805.4,1741
832,1711,1602,1771,1790,1748,,,1805.4,1724.4
833,1754,1617,1784,1793,1772,,,1805.4,1744
834,1754,1606,1808,1793,1769,,,1805.4,1746
835,1728,1597,1780,1780,1749,,,1805.4,1726.8
836,1720,1570,1801,1776,1749,,,1805,1723.2
837,1718,1606,1808,1789,1773,,,1806.4,1738.8
838,1727,1618,1804,1783,1728,,,1805.6,1732
839,1712,1600,1825,1762,1747,,,1805.6,1729.2
840,1724,1594,1835,1774,1740,,,1805.6,1733.4
841,1728,1600,1826,1759,1778,,,1805.6,1738.2
842,1732,1606,1806,1764,1774,,,1806,1736.4
843,1706,1603,1803,1793,1759,,,1807.2,1732.8
844,1712,1599,1800,1754,1733,,,1807.2,1719.6
845,1710,1623,1773,1746,1741,,,1807.2,1718.6
846,1714,1604,1803,1776,1740,,,1807.2,1727.4
847,1722,1622,1804,1735,1745,,,1806,1725.6
848,1685,1584,1812,1750,1736,,,1806,1713.4
849,1681,1569,1796,1752,1730,,,1806.2,1705.6
850,1694,1591,1806,1768,1702,,,1806.2,1712.2
851,1704,1611,1812,1755,1728,,,1805.6,1722
852,1709,1604,1793,1745,1728,,,1805.6,1715.8
853,1691,1625,1797,1732,1734,,,1805.8,1715.8
854,1669,1625,1798,1723,1740,,,1805.6,1711
855,1694,1636,1796,1753,1751,,,1805.6,1726
856,1696,1604,1786,1770,1743,,,1805.6,1719.8
857,1732,1610,1781,1769,1757,,,1805.6,1729.8
858,1711,1615,1802,1754,1720,,,1806,1720.4
859,1719,1621,1805,1760,1730,,,1805.6,1727
860,1712,1625,1804,1758,1711,,,1805.6,1722
861,1698,1623,1816,1769,1738,,,1805.6,1728.8
862,1700,1599,1809,1766,1723,,,1806,1719.4
863,1680,1600,1826,1784,1720,,,1806,1722
864,1731,1611,1806,1750,1713,,,1806,1722.2
865,1703,1606,1815,1784,1751,,,1805.6,1731.8
866,1709,1604,1812,1789,1769,,,1805.6,1736.6
867,1708,1601,1827,1774,1771,,,1807,1736.2
868,1718,1587,1810,1780,1776,,,1807,1734.2
869,1722,1576,1787,1792,1760,,,1807,1727.4
870,1735,1617,1815,1786,1735,,,1807.2,1737.6
871,1727,1622,1821,1805,1754,,,1805.6,1745.8
872,1741,1618,1821,1807,1744,,,1806,1746.2
873,1714,1617,1818,1798,1768,,,1806,1743
874,1707,1594,1807,1786,1752,,,1805.6,1729.2
875,1729,1611,1816,1809,1739,,,1805.6,1740.8
876,1727,1636,1828,1815,1754,,,1805.6,1752
877,1704,1647,1787,1828,1750,,,1805.6,1743.2
878,1723,1629,1780,1788,1772,,,1805.6,1738.4
879,1708,1625,1805,1789,1751,,,1805.6,1735.6
880,1690,1616,1792,1796,1756,,,1805.8,1730
881,1724,1633,1820,1788,1767,,,1805.8,1746.4
882,1735,1614,1812,1801,1761,,,1805.8,1744.6
883,1737,1611,1831,1765,1751,,,1805.8,1739
884,1727,1605,1824,1818,1757,,,1805.8,1746.2
885,1710,1591,1805,1806,1756,,,1805.8,1733.6
886,1730,1609,1825,1801,1738,,,1805.8,1740.6
887,1717,1602,1808,1809,1768,,,1805.8,1740.8
888,1745,1602,1788,1791,1711,,,1805.8,1727.4
889,1741,1609,1768,1786,1736,,,1805.8,1728
890,1745,1614,1786,1781,1768,,,1805.8,1738.8
891,1722,1611,1824,1762,1770,,,1805.8,1737.8
892,1734,1605,1794,1776,1742,,,1805.8,1730.2
893,1730,1610,1812,1766,1769,,,1805.8,1737.4
894,1731,1611,1797,1749,1759,,,1805.8,1729.4
895,1729,1625,1805,1762,1731,,,1805.8,1730.4
896,1731,1601,1798,1783,1749,,,1805.8,1732.4
897,1726,1606,1807,1806,1746,,,1805.8,1738.2
898,1715,1605,1823,1768,1745,,,1805.8,1731.2
899,1722,1605,1818,1756,1734,,,1805.8,1727
900,1742,1603,1815,1792,1728,,,1806,1736
901,1739,1619,1831,1793,1730,,,1806,1742.4
902,1748,1615,1811,1802,1735,,,1806,1742.2
903,1738,1629,1836,1810,1733,,,1806,1749.2
904,1742,1612,1815,1788,1721,,,1806,1735.6
905,1755,1615,1810,1795,1749,,,1806,1744.8
906,1718,1620,1815,1790,1742,,,1806,1737
907,1700,1633,1790,1777,1752,,,1806,1730.4
908,1727,1614,1797,1799,1765,,,1806.2,1740.4
909,1698,1635,1822,1809,1753,,,1806,1743.4
910,1727,1613,1807,1789,1730,,,1806.2,1733.2
911,1734,1594,1811,1774,1726,,,1806.2,1727.8
912,1741,1634,1828,1777,1743,,,1806.2,1744.6
913,1719,1618,1816,1790,1757,,,1806,1740
914,1722,1574,1822,1784,1756,,,1806,1731.6
915,1712,1606,1838,1785,1747,,,1806,1737.6
916,1707,1627,1826,1777,1756,,,1806,1738.6
917,1704,1630,1790,1772,1756,,,1806,1730.4
918,1711,1613,1803,1802,1752,,,1806,1736.2
919,1747,1614,1822,1819,1749,,,1806,1750.2
920,1706,1613,1831,1802,1760,,,1806,1742.4
921,1731,1609,1799,1799,1747,,,1806,1737
922,1717,1626,1786,1800,1764,,,1806,1738.6
923,1726,1622,1818,1797,1747,,,1806,1742
924,1692,1636,1836,1752,1738,,,1806.2,1730.8
925,1716,1621,1822,1742,1743,,,1806.2,1728.8
926,1724,1624,1814,1734,1759,,,1806.2,1731
927,1728,1616,1820,1760,1758,,,1806,1736.4
928,1722,1635,1813,1760,1734,,,1806.4,1732.8
929,1728,1602,1809,1784,1708,,,1806.4,1726.2
930,1734,1610,1812,1782,1711,,,1806.4,1729.8
931,1711,1607,1796,1770,1738,,,1806.4,1724.4
932,1689,1602,1825,1797,1768,,,1806.4,1736.2
933,1687,1634,1830,1786,1764,,,1806.4,1740.2
934,1714,1603,1808,1789,1757,,,1806.4,1734.2
935,1728,1619,1803,1773,1763,,,1806.4,1737.2
936,1757,1618,1817,1772,1765,,,1806.4,1745.8
937,1741,1616,1803,1775,1755,,,1806.4,1738
938,1729,1618,1794,1791,1760,,,1806.4,1738.4
939,1686,1628,1794,1812,1770,,,1806.4,1738
940,1714,1620,1789,1794,1758,,,1806.4,1735
941,1735,1609,1814,1798,1777,,,1806.4,1746.6
942,1738,1600,1831,1769,1751,,,1807.2,1737.8
943,1732,1613,1814,1761,1764,,,1807.2,1736.8
944,1721,1609,1780,1792,1757,,,1807,1731.8
945,1732,1592,1802,1783,1757,,,1807,1733.2
946,1744,1602,1792,1789,1761,,,1807.2,1737.6
947,1729,1610,1822,1784,1773,,,1807,1743.6
948,1699,1610,1813,1771,1760,,,1806.4,1730.6
949,1712,1620,1807,1782,1730,,,1806.6,1730.2
950,1719,1617,1804,1782,1761,,,1806.4,1736.6
951,1733,1605,1796,1767,1752,,,1806.4,1730.6
952,1746,1608,1800,1784,1752,,,1806.6,1738
953,1733,1608,1795,1793,1766,,,1806.6,1739
954,1722,1602,1802,1795,1744,,,1806.6,1733
955,1700,1590,1812,1804,1763,,,1806.6,1733.8
956,1718,1595,1788,1788,1761,,,1806.6,1730
957,1738,1626,1811,1776,1753,,,1806.6,1740.8
958,1743,1606,1794,1784,1737,,,1807.8,1732.8
959,1715,1619,1807,1794,1758,,,1806.8,1738.6
960,1721,1611,1804,1776,1761,,,1806.8,1734.6
961,1731,1570,1808,1777,1767,,,1806.6,1730.6
962,1736,1599,1788,1760,1762,,,1806.6,1729
963,1728,1579,1792,1803,1747,,,1806.6,1729.8
964,1715,1619,1806,1786,1758,,,1806.6,1736.8
965,1741,1619,1799,1757,1729,,,1806.6,1729
966,1716,1621,1816,1758,1740,,,1807.4,1730.2
967,1729,1625,1781,1779,1726,,,1807.4,1728
968,1725,1630,1789,1767,1744,,,1807.6,1731
969,1744,1618,1795,1790,1750,,,1806.8,1739.4
970,1706,1592,1789,1795,1750,,,1806.8,1726.4
971,1690,1599,1806,1819,1752,,,1806.8,1733.2
972,1704,1605,1794,1790,1754,,,1806.8,1729.4
973,1699,1632,1819,1781,1740,,,1807.8,1734.2
974,1725,1611,1803,1778,1754,,,1807.8,1734.2
975,1697,1597,1806,1786,1759,,,1807.8,1729
976,1719,1602,1800,1763,1727,,,1807.8,1722.2
977,1709,1615,1806,1774,1755,,,1806.8,1731.8
978,1726,1621,1791,1788,1771,,,1806.6,1739.4
979,1747,1622,1778,1793,1753,,,1809.4,1738.6
980,1726,1613,1729,1797,1743,,,1806.6,1721.6
981,1728,1613,1787,1799,1747,,,1806.6,1734.8
982,1724,1615,1790,1794,1774,,,1806.6,1739.4
983,1710,1611,1795,1781,1763,,,1806.6,1732
984,1714,1632,1823,1794,1770,,,1806.6,1746.6
985,1698,1620,1804,1813,1744,,,1806.6,1735.8
986,1712,1629,1787,1782,1770,,,1806.6,1736
987,1713,1602,1747,1731,1763,,,1806.8,1711.2
988,1709,1592,1767,1770,1770,,,1806.6,1721.6
989,1673,1619,1788,1779,1744,,,1806.6,1720.6
990,1678,1605,1789,1787,1733,,,1806.6,1718.4
991,1711,1638,1792,1778,1754,,,1806.6,1734.6
992,1710,1634,1806,1802,1748,,,1806.8,1740
993,1737,1621,1793,1800,1766,,,1806.8,1743.4
994,1707,1618,1808,1788,1734,,,1806.8,1731
995,1715,1588,1831,1782,1749,,,1806.8,1733
996,1717,1594,1829,1747,1735,,,1806.8,1724.4
997,1731,1632,1840,1776,1757,,,1806.8,1747.2
998,1691,1617,1791,1762,1760,,,1806.8,1724.2
999,1702,1597,1817,1770,1773,,,1807.6,1731.8
1000,1749,1594,1817,1773,1727,,,1807.6,1732
Generation,Best Fitness,,,,,,,,
1,1153,1223,1229,1243,1223,,,,
2,1141,1182,1229,1244,1223,,,,
3,1152,1211,1245,1244,1224,,,,
4,1195,1210,1227,1242,1170,,,,
5,1201,1210,1239,1242,1163,,,,
6,1275,1215,1250,1246,1206,,,,
7,1221,1230,1239,1252,1226,,,,
8,1223,1229,1259,1252,1157,,,,
9,1242,1254,1264,1251,1179,,,,
10,1248,1271,1285,1252,1164,,,,
11,1237,1286,1268,1270,1172,,,,
12,1253,1279,1268,1270,1217,,,,
13,1253,1286,1275,1270,1187,,,,
14,1241,1294,1276,1268,1263,,,,
15,1253,1291,1276,1273,1251,,,,
16,1268,1297,1277,1284,1233,,,,
17,1266,1303,1292,1304,1244,,,,
18,1269,1309,1296,1332,1263,,,,
19,1283,1317,1319,1332,1263,,,,
20,1286,1334,1331,1332,1283,,,,
21,1289,1346,1311,1323,1291,,,,
22,1289,1340,1311,1326,1317,,,,
23,1310,1344,1329,1335,1316,,,,
24,1310,1344,1333,1347,1306,,,,
25,1327,1327,1342,1347,1313,,,,
26,1328,1349,1342,1348,1314,,,,
27,1327,1350,1347,1350,1313,,,,
28,1327,1352,1354,1347,1314,,,,
29,1328,1350,1354,1361,1314,,,,
30,1336,1350,1356,1384,1315,,,,
31,1336,1357,1357,1384,1336,,,,
32,1342,1351,1359,1384,1358,,,,
33,1347,1351,1359,1393,1358,,,,
34,1341,1356,1414,1394,1360,,,,
35,1388,1357,1415,1404,1360,,,,
36,1392,1359,1427,1404,1360,,,,
37,1388,1375,1432,1410,1360,,,,
38,1388,1399,1434,1410,1360,,,,
39,1421,1385,1453,1425,1360,,,,
40,1421,1386,1434,1426,1360,,,,
41,1421,1405,1459,1440,1360,,,,
42,1432,1386,1459,1440,1362,,,,
43,1421,1390,1486,1434,1375,,,,
44,1448,1400,1466,1465,1375,,,,
45,1428,1392,1476,1465,1402,,,,
46,1428,1395,1476,1465,1371,,,,
47,1428,1399,1472,1459,1366,,,,
48,1428,1393,1463,1463,1380,,,,
49,1437,1416,1463,1481,1382,,,,
50,1426,1416,1466,1481,1385,,,,
51,1429,1428,1463,1481,1387,,,,
52,1433,1423,1473,1497,1387,,,,
53,1433,1423,1501,1497,1387,,,,
54,1433,1433,1486,1498,1400,,,,
55,1433,1433,1471,1497,1396,,,,
56,1437,1433,1468,1497,1387,,,,
57,1442,1433,1509,1513,1390,,,,
58,1444,1433,1509,1513,1409,,,,
59,1447,1433,1509,1507,1409,,,,
60,1447,1433,1523,1530,1410,,,,
61,1447,1436,1523,1513,1392,,,,
62,1446,1436,1523,1514,1392,,,,
63,1454,1450,1543,1518,1393,,,,
64,1454,1450,1548,1562,1416,,,,
65,1454,1448,1548,1530,1414,,,,
66,1454,1448,1543,1530,1414,,,,
67,1454,1458,1541,1530,1415,,,,
68,1481,1448,1541,1528,1430,,,,
69,1465,1467,1543,1539,1430,,,,
70,1465,1485,1543,1539,1430,,,,
71,1468,1471,1541,1539,1430,,,,
72,1475,1491,1541,1539,1433,,,,
73,1492,1491,1541,1534,1431,,,,
74,1468,1491,1541,1550,1431,,,,
75,1473,1498,1551,1550,1431,,,,
76,1487,1501,1551,1550,1444,,,,
77,1488,1501,1562,1553,1444,,,,
78,1497,1504,1562,1553,1444,,,,
79,1497,1505,1541,1552,1452,,,,
80,1497,1505,1543,1546,1452,,,,
81,1507,1505,1543,1563,1466,,,,
82,1484,1505,1568,1584,1466,,,,
83,1483,1505,1569,1584,1466,,,,
84,1483,1549,1568,1560,1453,,,,
85,1493,1549,1568,1560,1461,,,,
86,1493,1531,1568,1560,1469,,,,
87,1525,1531,1568,1562,1463,,,,
88,1525,1531,1569,1562,1464,,,,
89,1527,1531,1576,1562,1469,,,,
90,1539,1531,1576,1590,1473,,,,
91,1539,1541,1576,1590,1477,,,,
92,1547,1541,1577,1592,1475,,,,
93,1547,1545,1577,1592,1481,,,,
94,1543,1543,1577,1592,1483,,,,
95,1541,1569,1577,1592,1494,,,,
96,1541,1543,1579,1594,1475,,,,
97,1547,1545,1579,1594,1496,,,,
98,1558,1562,1579,1592,1477,,,,
99,1548,1554,1579,1595,1501,,,,
100,1557,1562,1583,1595,1501,,,,
101,1557,1554,1586,1595,1515,,,,
102,1557,1557,1586,1595,1501,,,,
103,1557,1558,1579,1613,1516,,,,
104,1557,1570,1579,1593,1516,,,,
105,1557,1586,1603,1597,1516,,,,
106,1557,1586,1603,1593,1516,,,,
107,1559,1586,1603,1601,1519,,,,
108,1567,1586,1584,1603,1516,,,,
109,1567,1586,1589,1603,1516,,,,
110,1567,1586,1584,1595,1516,,,,
111,1567,1593,1608,1595,1516,,,,
112,1567,1593,1608,1600,1538,,,,
113,1567,1593,1608,1595,1538,,,,
114,1567,1586,1608,1595,1519,,,,
115,1567,1586,1589,1595,1522,,,,
116,1581,1592,1589,1610,1522,,,,
117,1581,1586,1589,1613,1525,,,,
118,1581,1590,1610,1604,1525,,,,
119,1581,1594,1610,1604,1525,,,,
120,1581,1594,1610,1604,1582,,,,
121,1587,1594,1626,1608,1614,,,,
122,1589,1594,1626,1613,1614,,,,
123,1586,1594,1610,1638,1614,,,,
124,1597,1594,1594,1638,1616,,,,
125,1581,1600,1594,1638,1616,,,,
126,1582,1600,1594,1650,1616,,,,
127,1582,1600,1594,1650,1616,,,,
128,1586,1600,1594,1638,1623,,,,
129,1582,1600,1594,1638,1638,,,,
130,1582,1600,1594,1623,1638,,,,
131,1582,1600,1592,1626,1626,,,,
132,1585,1600,1600,1644,1626,,,,
133,1595,1600,1600,1626,1642,,,,
134,1595,1600,1598,1646,1642,,,,
135,1595,1600,1636,1633,1642,,,,
136,1595,1600,1636,1633,1642,,,,
137,1595,1600,1637,1633,1643,,,,
138,1596,1614,1639,1633,1643,,,,
139,1608,1614,1639,1633,1646,,,,
140,1608,1614,1644,1633,1646,,,,
141,1608,1614,1639,1662,1656,,,,
142,1601,1614,1639,1662,1656,,,,
143,1596,1623,1639,1662,1656,,,,
144,1596,1623,1639,1646,1674,,,,
145,1603,1627,1639,1646,1674,,,,
146,1603,1614,1639,1646,1644,,,,
147,1603,1625,1647,1635,1673,,,,
148,1603,1625,1656,1635,1646,,,,
149,1604,1625,1647,1683,1646,,,,
150,1604,1629,1647,1683,1646,,,,
151,1604,1629,1647,1683,1674,,,,
152,1604,1629,1662,1684,1646,,,,
153,1603,1629,1662,1684,1646,,,,
154,1607,1629,1662,1684,1672,,,,
155,1610,1629,1662,1684,1671,,,,
156,1607,1629,1660,1684,1671,,,,
157,1604,1629,1660,1684,1671,,,,
158,1604,1629,1672,1684,1685,,,,
159,1609,1629,1660,1684,1685,,,,
160,1609,1633,1665,1684,1685,,,,
161,1609,1633,1665,1686,1685,,,,
162,1609,1632,1665,1684,1685,,,,
163,1609,1632,1665,1685,1685,,,,
164,1609,1646,1667,1685,1685,,,,
165,1609,1646,1667,1688,1685,,,,
166,1609,1632,1665,1694,1685,,,,
167,1632,1632,1665,1690,1685,,,,
168,1632,1632,1665,1690,1713,,,,
169,1632,1632,1665,1690,1705,,,,
170,1632,1632,1705,1704,1705,,,,
171,1633,1632,1705,1704,1705,,,,
172,1632,1632,1719,1704,1705,,,,
173,1632,1632,1719,1708,1705,,,,
174,1632,1641,1719,1708,1705,,,,
175,1634,1632,1721,1704,1705,,,,
176,1636,1632,1718,1704,1705,,,,
177,1636,1632,1719,1706,1705,,,,
178,1636,1632,1721,1706,1705,,,,
179,1637,1632,1721,1706,1705,,,,
180,1637,1632,1721,1704,1708,,,,
181,1638,1632,1721,1706,1708,,,,
182,1638,1640,1743,1717,1725,,,,
183,1638,1640,1737,1717,1705,,,,
184,1638,1640,1737,1717,1705,,,,
185,1638,1640,1737,1717,1705,,,,
186,1638,1640,1739,1708,1712,,,,
187,1638,1640,1748,1708,1720,,,,
188,1638,1640,1748,1708,1712,,,,
189,1638,1640,1748,1708,1712,,,,
190,1641,1640,1741,1708,1712,,,,
191,1641,1640,1749,1708,1718,,,,
192,1641,1641,1739,1709,1712,,,,
193,1641,1641,1742,1709,1712,,,,
194,1641,1641,1741,1709,1712,,,,
195,1641,1641,1744,1709,1743,,,,
196,1641,1641,1741,1709,1718,,,,
197,1641,1641,1750,1711,1743,,,,
198,1641,1641,1743,1711,1718,,,,
199,1643,1641,1767,1711,1718,,,,
200,1643,1641,1767,1711,1718,,,,
201,1643,1641,1756,1711,1718,,,,
202,1641,1641,1756,1711,1718,,,,
203,1643,1641,1755,1711,1718,,,,
204,1643,1641,1755,1711,1743,,,,
205,1643,1658,1755,1711,1743,,,,
206,1643,1658,1755,1711,1743,,,,
207,1643,1658,1758,1720,1743,,,,
208,1641,1658,1758,1734,1743,,,,
209,1641,1658,1758,1723,1743,,,,
210,1641,1658,1758,1723,1743,,,,
211,1641,1658,1758,1723,1743,,,,
212,1641,1658,1758,1723,1743,,,,
213,1641,1658,1758,1725,1745,,,,
214,1658,1658,1758,1725,1743,,,,
215,1658,1658,1758,1725,1743,,,,
216,1658,1658,1758,1725,1743,,,,
217,1658,1658,1761,1725,1743,,,,
218,1658,1658,1761,1725,1743,,,,
219,1658,1658,1761,1726,1743,,,,
220,1658,1658,1763,1726,1743,,,,
221,1658,1658,1763,1725,1743,,,,
222,1658,1658,1763,1734,1744,,,,
223,1658,1658,1770,1734,1750,,,,
224,1658,1658,1782,1734,1747,,,,
225,1658,1658,1782,1734,1749,,,,
226,1658,1658,1782,1736,1747,,,,
227,1658,1658,1787,1734,1747,,,,
228,1659,1658,1785,1735,1747,,,,
229,1658,1658,1782,1739,1747,,,,
230,1659,1658,1782,1739,1747,,,,
231,1659,1658,1782,1739,1747,,,,
232,1660,1658,1793,1739,1747,,,,
233,1659,1658,1782,1734,1747,,,,
234,1659,1658,1782,1734,1745,,,,
235,1660,1658,1782,1734,1746,,,,
236,1665,1658,1782,1734,1746,,,,
237,1660,1658,1782,1747,1746,,,,
238,1663,1658,1782,1734,1746,,,,
239,1663,1658,1782,1741,1746,,,,
240,1663,1659,1782,1737,1750,,,,
241,1663,1659,1795,1737,1746,,,,
242,1660,1659,1795,1735,1748,,,,
243,1660,1659,1795,1735,1746,,,,
244,1660,1659,1795,1735,1746,,,,
245,1661,1659,1797,1735,1747,,,,
246,1661,1659,1797,1735,1754,,,,
247,1661,1659,1800,1735,1747,,,,
248,1660,1659,1803,1735,1747,,,,
249,1660,1659,1805,1735,1747,,,,
250,1660,1659,1805,1735,1747,,,,
251,1660,1659,1805,1735,1747,,,,
252,1660,1659,1805,1735,1749,,,,
253,1660,1659,1805,1735,1749,,,,
254,1660,1660,1805,1738,1762,,,,
255,1660,1660,1805,1738,1762,,,,
256,1661,1660,1805,1738,1762,,,,
257,1662,1660,1805,1741,1749,,,,
258,1662,1660,1805,1741,1749,,,,
259,1661,1660,1805,1738,1749,,,,
260,1661,1660,1805,1738,1749,,,,
261,1661,1660,1805,1738,1749,,,,
262,1661,1660,1807,1738,1749,,,,
263,1668,1660,1807,1747,1749,,,,
264,1668,1660,1807,1744,1748,,,,
265,1668,1660,1808,1738,1748,,,,
266,1661,1660,1808,1738,1747,,,,
267,1661,1660,1808,1739,1747,,,,
268,1661,1660,1812,1738,1750,,,,
269,1661,1660,1812,1738,1750,,,,
270,1667,1660,1812,1738,1750,,,,
271,1667,1660,1812,1738,1749,,,,
272,1667,1660,1812,1738,1749,,,,
273,1667,1660,1812,1738,1749,,,,
274,1667,1660,1812,1738,1751,,,,
275,1667,1660,1812,1738,1749,,,,
276,1670,1660,1812,1740,1749,,,,
277,1670,1660,1812,1741,1765,,,,
278,1670,1661,1812,1742,1765,,,,
279,1670,1661,1812,1742,1765,,,,
280,1670,1660,1812,1742,1765,,,,
281,1672,1660,1812,1742,1765,,,,
282,1672,1660,1817,1742,1765,,,,
283,1670,1660,1817,1742,1765,,,,
284,1670,1660,1817,1742,1765,,,,
285,1669,1660,1817,1742,1765,,,,
286,1670,1660,1817,1742,1755,,,,
287,1671,1660,1817,1753,1759,,,,
288,1692,1661,1817,1753,1755,,,,
289,1703,1661,1812,1753,1759,,,,
290,1703,1661,1812,1753,1759,,,,
291,1703,1661,1813,1753,1759,,,,
292,1703,1660,1812,1753,1759,,,,
293,1703,1660,1816,1746,1759,,,,
294,1703,1660,1812,1746,1755,,,,
295,1727,1660,1812,1746,1755,,,,
296,1712,1660,1812,1746,1755,,,,
297,1727,1660,1812,1746,1755,,,,
298,1712,1661,1813,1746,1755,,,,
299,1727,1660,1813,1746,1755,,,,
300,1718,1660,1813,1746,1755,,,,
301,1718,1660,1822,1746,1755,,,,
302,1718,1660,1816,1746,1755,,,,
303,1727,1660,1816,1746,1755,,,,
304,1727,1660,1816,1746,1755,,,,
305,1727,1660,1816,1746,1761,,,,
306,1727,1660,1816,1746,1755,,,,
307,1727,1660,1815,1746,1766,,,,
308,1727,1660,1815,1746,1766,,,,
309,1738,1660,1815,1746,1757,,,,
310,1738,1660,1815,1746,1757,,,,
311,1738,1660,1815,1746,1757,,,,
312,1738,1660,1815,1746,1757,,,,
313,1751,1660,1816,1746,1757,,,,
314,1751,1660,1816,1747,1761,,,,
315,1738,1662,1815,1747,1757,,,,
316,1738,1662,1818,1748,1757,,,,
317,1738,1660,1815,1748,1757,,,,
318,1727,1660,1815,1747,1761,,,,
319,1727,1660,1815,1747,1770,,,,
320,1732,1660,1815,1747,1761,,,,
321,1732,1660,1815,1747,1761,,,,
322,1732,1660,1815,1747,1761,,,,
323,1752,1660,1815,1747,1761,,,,
324,1752,1660,1815,1749,1761,,,,
325,1752,1660,1815,1752,1761,,,,
326,1752,1690,1815,1752,1761,,,,
327,1752,1690,1815,1747,1762,,,,
328,1752,1660,1815,1747,1763,,,,
329,1752,1660,1815,1747,1768,,,,
330,1752,1660,1815,1747,1770,,,,
331,1752,1660,1816,1747,1770,,,,
332,1752,1660,1815,1747,1765,,,,
333,1752,1660,1819,1750,1765,,,,
334,1752,1660,1819,1750,1765,,,,
335,1752,1660,1819,1757,1765,,,,
336,1752,1660,1819,1757,1765,,,,
337,1767,1660,1819,1749,1769,,,,
338,1752,1660,1853,1747,1769,,,,
339,1752,1660,1819,1747,1767,,,,
340,1752,1660,1819,1748,1767,,,,
341,1752,1661,1819,1748,1767,,,,
342,1752,1660,1819,1748,1769,,,,
343,1752,1660,1819,1753,1767,,,,
344,1752,1660,1819,1753,1767,,,,
345,1752,1660,1823,1753,1767,,,,
346,1752,1660,1819,1753,1767,,,,
347,1752,1660,1821,1753,1767,,,,
348,1752,1660,1822,1753,1774,,,,
349,1755,1660,1822,1753,1767,,,,
350,1752,1661,1822,1759,1767,,,,
351,1760,1661,1822,1759,1772,,,,
352,1752,1661,1819,1759,1772,,,,
353,1752,1661,1819,1753,1768,,,,
354,1752,1661,1820,1753,1771,,,,
355,1752,1661,1825,1759,1771,,,,
356,1752,1661,1833,1759,1771,,,,
357,1752,1661,1825,1753,1770,,,,
358,1757,1661,1825,1753,1770,,,,
359,1757,1661,1825,1753,1768,,,,
360,1752,1661,1831,1756,1768,,,,
361,1752,1661,1829,1756,1776,,,,
362,1752,1661,1825,1756,1776,,,,
363,1752,1661,1825,1756,1776,,,,
364,1752,1661,1825,1756,1776,,,,
365,1752,1661,1825,1756,1776,,,,
366,1752,1662,1831,1756,1776,,,,
367,1765,1662,1827,1756,1776,,,,
368,1752,1662,1833,1756,1779,,,,
369,1752,1662,1833,1756,1779,,,,
370,1760,1662,1833,1756,1779,,,,
371,1760,1662,1833,1756,1779,,,,
372,1760,1662,1833,1756,1779,,,,
373,1760,1662,1833,1756,1779,,,,
374,1760,1662,1838,1756,1779,,,,
375,1760,1662,1838,1756,1779,,,,
376,1760,1662,1838,1756,1779,,,,
377,1760,1662,1838,1756,1779,,,,
378,1760,1663,1838,1756,1792,,,,
379,1760,1662,1838,1756,1792,,,,
380,1760,1662,1838,1756,1792,,,,
381,1760,1662,1838,1756,1792,,,,
382,1760,1663,1838,1756,1792,,,,
383,1760,1662,1838,1756,1792,,,,
384,1760,1662,1838,1756,1789,,,,
385,1760,1662,1838,1756,1789,,,,
386,1760,1662,1838,1756,1789,,,,
387,1760,1662,1837,1756,1789,,,,
388,1760,1662,1837,1756,1789,,,,
389,1760,1662,1837,1756,1789,,,,
390,1760,1662,1837,1756,1789,,,,
391,1760,1664,1837,1757,1781,,,,
392,1760,1662,1837,1756,1780,,,,
393,1760,1662,1840,1757,1783,,,,
394,1760,1662,1837,1756,1783,,,,
395,1760,1662,1837,1756,1783,,,,
396,1760,1662,1837,1756,1783,,,,
397,1760,1662,1837,1756,1783,,,,
398,1760,1662,1837,1756,1782,,,,
399,1760,1663,1845,1756,1781,,,,
400,1760,1663,1846,1756,1780,,,,
401,1760,1662,1846,1756,1788,,,,
402,1760,1662,1843,1756,1780,,,,
403,1760,1662,1839,1756,1782,,,,
404,1760,1662,1839,1756,1782,,,,
405,1760,1662,1844,1756,1782,,,,
406,1760,1662,1839,1756,1782,,,,
407,1760,1662,1839,1756,1782,,,,
408,1760,1662,1845,1756,1782,,,,
409,1760,1662,1845,1756,1782,,,,
410,1760,1662,1845,1759,1785,,,,
411,1760,1662,1845,1759,1782,,,,
412,1760,1662,1846,1759,1782,,,,
413,1760,1662,1849,1756,1782,,,,
414,1760,1662,1845,1756,1782,,,,
415,1760,1662,1845,1756,1782,,,,
416,1760,1664,1846,1757,1782,,,,
417,1760,1664,1846,1756,1782,,,,
418,1760,1664,1846,1756,1782,,,,
419,1760,1664,1846,1756,1784,,,,
420,1760,1664,1846,1756,1783,,,,
421,1766,1664,1851,1756,1783,,,,
422,1760,1664,1851,1756,1783,,,,
423,1760,1662,1851,1756,1782,,,,
424,1772,1662,1852,1756,1782,,,,
425,1772,1662,1852,1763,1782,,,,
426,1772,1662,1852,1763,1782,,,,
427,1772,1662,1852,1763,1784,,,,
428,1772,1662,1852,1763,1784,,,,
429,1772,1662,1852,1757,1784,,,,
430,1772,1663,1851,1757,1784,,,,
431,1772,1663,1852,1757,1784,,,,
432,1772,1663,1851,1757,1784,,,,
433,1772,1662,1851,1757,1784,,,,
434,1772,1662,1852,1757,1784,,,,
435,1772,1662,1852,1757,1784,,,,
436,1772,1662,1852,1757,1784,,,,
437,1772,1662,1852,1757,1784,,,,
438,1772,1662,1852,1757,1784,,,,
439,1772,1662,1852,1757,1784,,,,
440,1772,1662,1852,1757,1784,,,,
441,1772,1662,1852,1757,1784,,,,
442,1772,1662,1852,1757,1784,,,,
443,1782,1662,1852,1758,1785,,,,
444,1772,1662,1852,1758,1784,,,,
445,1772,1662,1852,1758,1791,,,,
446,1772,1662,1852,1758,1791,,,,
447,1772,1662,1853,1758,1784,,,,
448,1772,1662,1854,1758,1791,,,,
449,1772,1662,1854,1758,1791,,,,
450,1772,1662,1852,1758,1791,,,,
451,1773,1662,1852,1758,1791,,,,
452,1773,1662,1852,1758,1791,,,,
453,1773,1662,1852,1758,1786,,,,
454,1773,1662,1852,1758,1786,,,,
455,1773,1662,1853,1758,1786,,,,
456,1773,1662,1857,1758,1784,,,,
457,1773,1662,1857,1758,1784,,,,
458,1773,1662,1856,1758,1785,,,,
459,1773,1662,1856,1758,1793,,,,
460,1773,1662,1852,1765,1793,,,,
461,1773,1662,1852,1765,1793,,,,
462,1773,1662,1852,1765,1793,,,,
463,1773,1662,1852,1765,1785,,,,
464,1773,1663,1852,1765,1784,,,,
465,1773,1663,1852,1765,1786,,,,
466,1775,1663,1852,1765,1786,,,,
467,1776,1663,1852,1765,1786,,,,
468,1775,1663,1852,1765,1786,,,,
469,1775,1663,1852,1765,1786,,,,
470,1775,1663,1852,1765,1784,,,,
471,1775,1663,1852,1765,1784,,,,
472,1775,1663,1855,1765,1784,,,,
473,1775,1663,1855,1765,1784,,,,
474,1775,1663,1855,1765,1785,,,,
475,1775,1663,1855,1765,1785,,,,
476,1775,1663,1855,1765,1785,,,,
477,1775,1663,1855,1765,1785,,,,
478,1775,1663,1855,1765,1785,,,,
479,1775,1663,1855,1767,1785,,,,
480,1775,1663,1855,1767,1785,,,,
481,1775,1663,1862,1767,1788,,,,
482,1775,1663,1861,1767,1785,,,,
483,1775,1663,1855,1767,1785,,,,
484,1775,1663,1855,1767,1785,,,,
485,1775,1664,1855,1767,1790,,,,
486,1775,1663,1855,1767,1795,,,,
487,1775,1663,1855,1767,1795,,,,
488,1775,1663,1855,1767,1795,,,,
489,1775,1663,1855,1768,1789,,,,
490,1775,1663,1855,1768,1792,,,,
491,1775,1663,1855,1767,1792,,,,
492,1775,1663,1856,1767,1792,,,,
493,1775,1663,1856,1767,1792,,,,
494,1775,1663,1856,1767,1792,,,,
495,1777,1663,1856,1767,1794,,,,
496,1775,1663,1857,1768,1794,,,,
497,1776,1663,1857,1767,1792,,,,
498,1775,1663,1857,1767,1792,,,,
499,1775,1663,1857,1768,1792,,,,
500,1775,1663,1857,1767,1792,,,,
501,1776,1663,1857,1767,1792,,,,
502,1775,1663,1857,1767,1792,,,,
503,1775,1663,1857,1769,1792,,,,
504,1775,1663,1857,1772,1792,,,,
505,1775,1663,1857,1772,1792,,,,
506,1775,1663,1857,1769,1792,,,,
507,1775,1663,1857,1773,1792,,,,
508,1775,1663,1862,1773,1792,,,,
509,1775,1663,1862,1773,1792,,,,
510,1775,1663,1857,1773,1792,,,,
511,1775,1663,1857,1773,1796,,,,
512,1775,1663,1857,1773,1796,,,,
513,1775,1663,1857,1773,1796,,,,
514,1775,1663,1857,1773,1796,,,,
515,1775,1663,1857,1773,1796,,,,
516,1775,1663,1857,1775,1796,,,,
517,1775,1663,1857,1775,1792,,,,
518,1780,1663,1862,1775,1792,,,,
519,1775,1663,1862,1780,1792,,,,
520,1779,1663,1862,1776,1792,,,,
521,1775,1663,1862,1775,1792,,,,
522,1775,1663,1862,1775,1795,,,,
523,1775,1663,1862,1778,1793,,,,
524,1775,1663,1862,1778,1793,,,,
525,1775,1663,1862,1778,1793,,,,
526,1775,1663,1862,1778,1793,,,,
527,1776,1663,1862,1778,1793,,,,
528,1775,1663,1858,1778,1793,,,,
529,1775,1663,1857,1779,1793,,,,
530,1775,1663,1857,1779,1794,,,,
531,1775,1663,1857,1780,1794,,,,
532,1775,1663,1859,1791,1794,,,,
533,1775,1663,1863,1791,1794,,,,
534,1775,1663,1859,1791,1793,,,,
535,1775,1663,1863,1799,1793,,,,
536,1775,1663,1863,1791,1795,,,,
537,1782,1663,1863,1791,1795,,,,
538,1782,1663,1863,1791,1795,,,,
539,1782,1663,1863,1799,1796,,,,
540,1782,1663,1869,1799,1796,,,,
541,1782,1663,1863,1799,1796,,,,
542,1782,1663,1865,1799,1796,,,,
543,1782,1663,1865,1799,1796,,,,
544,1782,1663,1863,1799,1796,,,,
545,1782,1663,1863,1799,1797,,,,
546,1784,1663,1863,1799,1796,,,,
547,1784,1663,1863,1799,1796,,,,
548,1784,1663,1863,1799,1798,,,,
549,1784,1663,1863,1799,1798,,,,
550,1784,1663,1863,1805,1798,,,,
551,1784,1663,1863,1800,1798,,,,
552,1784,1663,1863,1800,1798,,,,
553,1784,1663,1867,1800,1796,,,,
554,1784,1663,1863,1802,1796,,,,
555,1784,1663,1863,1805,1796,,,,
556,1784,1663,1863,1805,1796,,,,
557,1784,1663,1863,1806,1796,,,,
558,1784,1664,1863,1806,1797,,,,
559,1784,1664,1863,1806,1797,,,,
560,1784,1663,1863,1806,1797,,,,
561,1784,1663,1863,1806,1797,,,,
562,1784,1663,1863,1806,1797,,,,
563,1784,1663,1863,1806,1797,,,,
564,1784,1663,1863,1806,1796,,,,
565,1784,1663,1863,1806,1796,,,,
566,1784,1663,1863,1806,1796,,,,
567,1784,1663,1863,1807,1796,,,,
568,1784,1663,1863,1807,1796,,,,
569,1785,1663,1863,1807,1796,,,,
570,1784,1663,1865,1807,1796,,,,
571,1784,1663,1869,1807,1796,,,,
572,1784,1663,1870,1807,1796,,,,
573,1784,1663,1869,1807,1796,,,,
574,1784,1663,1869,1807,1796,,,,
575,1784,1663,1869,1807,1796,,,,
576,1784,1663,1869,1807,1796,,,,
577,1784,1663,1869,1807,1796,,,,
578,1784,1663,1869,1807,1796,,,,
579,1788,1663,1869,1807,1796,,,,
580,1788,1663,1869,1807,1796,,,,
581,1788,1663,1869,1807,1798,,,,
582,1788,1663,1869,1807,1798,,,,
583,1787,1663,1869,1819,1798,,,,
584,1784,1663,1869,1819,1798,,,,
585,1784,1663,1871,1822,1798,,,,
586,1785,1663,1869,1822,1798,,,,
587,1784,1663,1869,1822,1798,,,,
588,1784,1663,1870,1822,1798,,,,
589,1784,1663,1870,1839,1798,,,,
590,1784,1663,1877,1839,1798,,,,
591,1784,1663,1869,1822,1798,,,,
592,1784,1663,1869,1822,1798,,,,
593,1784,1663,1869,1822,1798,,,,
594,1784,1663,1869,1839,1798,,,,
595,1784,1663,1869,1839,1798,,,,
596,1784,1663,1869,1839,1798,,,,
597,1784,1663,1869,1839,1798,,,,
598,1784,1663,1869,1823,1798,,,,
599,1784,1663,1877,1823,1798,,,,
600,1784,1663,1877,1846,1798,,,,
601,1787,1663,1877,1846,1798,,,,
602,1784,1663,1869,1846,1798,,,,
603,1784,1663,1869,1823,1798,,,,
604,1784,1663,1869,1823,1798,,,,
605,1784,1663,1869,1823,1798,,,,
606,1784,1665,1869,1823,1798,,,,
607,1784,1664,1869,1824,1798,,,,
608,1784,1664,1869,1854,1798,,,,
609,1784,1664,1869,1854,1798,,,,
610,1784,1664,1869,1854,1798,,,,
611,1784,1665,1869,1854,1798,,,,
612,1787,1664,1869,1854,1798,,,,
613,1784,1664,1871,1854,1798,,,,
614,1784,1664,1871,1854,1798,,,,
615,1784,1663,1871,1854,1798,,,,
616,1784,1663,1871,1854,1798,,,,
617,1784,1663,1871,1854,1798,,,,
618,1784,1663,1872,1854,1798,,,,
619,1784,1663,1872,1854,1798,,,,
620,1784,1663,1871,1869,1798,,,,
621,1784,1663,1871,1869,1798,,,,
622,1784,1663,1871,1869,1800,,,,
623,1784,1663,1871,1869,1800,,,,
624,1784,1663,1871,1869,1800,,,,
625,1784,1663,1871,1869,1800,,,,
626,1784,1663,1871,1869,1800,,,,
627,1784,1663,1871,1869,1800,,,,
628,1784,1663,1871,1854,1800,,,,
629,1784,1663,1871,1869,1800,,,,
630,1784,1663,1876,1869,1800,,,,
631,1784,1663,1876,1869,1803,,,,
632,1785,1663,1876,1869,1803,,,,
633,1785,1663,1877,1869,1803,,,,
634,1784,1663,1877,1869,1803,,,,
635,1784,1663,1877,1857,1803,,,,
636,1784,1663,1877,1854,1803,,,,
637,1784,1663,1877,1854,1811,,,,
638,1785,1663,1877,1854,1811,,,,
639,1785,1663,1877,1854,1811,,,,
640,1785,1663,1877,1854,1811,,,,
641,1785,1663,1877,1854,1811,,,,
642,1785,1663,1877,1854,1811,,,,
643,1785,1663,1877,1854,1811,,,,
644,1785,1663,1877,1854,1809,,,,
645,1785,1663,1877,1854,1812,,,,
646,1785,1663,1877,1854,1804,,,,
647,1785,1663,1877,1854,1810,,,,
648,1785,1663,1877,1854,1810,,,,
649,1785,1663,1877,1866,1810,,,,
650,1785,1663,1877,1866,1810,,,,
651,1785,1663,1877,1866,1810,,,,
652,1785,1664,1879,1866,1810,,,,
653,1785,1664,1879,1866,1813,,,,
654,1785,1664,1879,1865,1811,,,,
655,1785,1664,1879,1865,1810,,,,
656,1785,1664,1879,1856,1810,,,,
657,1785,1664,1879,1856,1814,,,,
658,1785,1664,1879,1854,1810,,,,
659,1788,1664,1879,1856,1810,,,,
660,1788,1664,1879,1854,1810,,,,
661,1788,1664,1879,1859,1810,,,,
662,1788,1664,1879,1854,1810,,,,
663,1788,1664,1879,1854,1810,,,,
664,1788,1664,1879,1854,1810,,,,
665,1788,1664,1879,1854,1810,,,,
666,1788,1664,1879,1854,1812,,,,
667,1788,1664,1879,1854,1812,,,,
668,1788,1664,1879,1854,1812,,,,
669,1788,1664,1879,1854,1810,,,,
670,1788,1664,1879,1854,1810,,,,
671,1788,1666,1879,1854,1812,,,,
672,1788,1666,1879,1854,1810,,,,
673,1788,1664,1879,1854,1810,,,,
674,1788,1664,1879,1854,1810,,,,
675,1788,1664,1879,1859,1814,,,,
676,1788,1664,1879,1859,1814,,,,
677,1788,1664,1879,1859,1814,,,,
678,1788,1664,1879,1854,1813,,,,
679,1788,1664,1879,1855,1813,,,,
680,1788,1664,1879,1854,1813,,,,
681,1788,1664,1879,1854,1813,,,,
682,1788,1664,1879,1854,1813,,,,
683,1788,1664,1879,1854,1813,,,,
684,1788,1664,1879,1854,1813,,,,
685,1788,1664,1879,1854,1813,,,,
686,1788,1664,1879,1854,1813,,,,
687,1788,1664,1879,1854,1813,,,,
688,1788,1664,1879,1854,1813,,,,
689,1788,1664,1879,1854,1813,,,,
690,1788,1664,1879,1854,1813,,,,
691,1788,1664,1879,1854,1813,,,,
692,1788,1664,1879,1854,1815,,,,
693,1788,1664,1879,1854,1817,,,,
694,1788,1664,1879,1854,1817,,,,
695,1788,1664,1879,1854,1817,,,,
696,1788,1664,1881,1854,1817,,,,
697,1788,1664,1879,1854,1817,,,,
698,1788,1664,1879,1854,1817,,,,
699,1788,1664,1879,1854,1817,,,,
700,1788,1664,1879,1854,1817,,,,
701,1788,1664,1879,1854,1817,,,,
702,1788,1664,1879,1854,1817,,,,
703,1788,1664,1879,1865,1817,,,,
704,1788,1664,1881,1865,1817,,,,
705,1788,1664,1881,1854,1817,,,,
706,1788,1664,1881,1854,1817,,,,
707,1788,1664,1881,1854,1817,,,,
708,1788,1664,1881,1854,1817,,,,
709,1788,1664,1881,1854,1817,,,,
710,1788,1664,1881,1854,1817,,,,
711,1788,1664,1881,1854,1817,,,,
712,1788,1664,1881,1854,1817,,,,
713,1788,1664,1881,1854,1818,,,,
714,1788,1664,1881,1863,1818,,,,
715,1788,1664,1881,1863,1818,,,,
716,1788,1664,1881,1863,1818,,,,
717,1788,1664,1881,1863,1818,,,,
718,1788,1664,1881,1863,1818,,,,
719,1788,1664,1881,1863,1818,,,,
720,1788,1664,1881,1863,1818,,,,
721,1788,1664,1881,1863,1818,,,,
722,1788,1664,1881,1863,1818,,,,
723,1788,1664,1881,1863,1818,,,,
724,1788,1664,1881,1863,1818,,,,
725,1788,1664,1881,1863,1818,,,,
726,1788,1664,1881,1863,1818,,,,
727,1788,1664,1881,1863,1818,,,,
728,1788,1664,1881,1863,1818,,,,
729,1788,1664,1881,1863,1818,,,,
730,1788,1664,1881,1863,1818,,,,
731,1788,1664,1881,1863,1818,,,,
732,1788,1664,1881,1863,1818,,,,
733,1788,1664,1881,1863,1818,,,,
734,1788,1664,1881,1863,1818,,,,
735,1788,1664,1881,1863,1818,,,,
736,1788,1664,1881,1869,1818,,,,
737,1788,1664,1881,1869,1818,,,,
738,1789,1664,1881,1869,1818,,,,
739,1789,1664,1881,1863,1818,,,,
740,1789,1664,1881,1863,1818,,,,
741,1789,1664,1881,1863,1818,,,,
742,1789,1664,1881,1863,1820,,,,
743,1789,1664,1881,1863,1820,,,,
744,1789,1664,1881,1863,1820,,,,
745,1789,1664,1881,1863,1822,,,,
746,1789,1664,1881,1863,1822,,,,
747,1789,1664,1881,1863,1822,,,,
748,1789,1664,1881,1863,1822,,,,
749,1789,1664,1881,1863,1820,,,,
750,1789,1664,1881,1863,1820,,,,
751,1789,1664,1881,1863,1820,,,,
752,1789,1664,1881,1863,1820,,,,
753,1789,1664,1881,1863,1820,,,,
754,1789,1664,1882,1863,1820,,,,
755,1789,1664,1882,1863,1820,,,,
756,1789,1664,1882,1863,1820,,,,
757,1789,1664,1882,1863,1820,,,,
758,1789,1664,1882,1863,1820,,,,
759,1789,1664,1882,1864,1820,,,,
760,1789,1664,1882,1864,1820,,,,
761,1789,1664,1882,1864,1820,,,,
762,1789,1664,1882,1863,1820,,,,
763,1789,1664,1882,1863,1821,,,,
764,1789,1664,1882,1863,1821,,,,
765,1789,1664,1882,1864,1821,,,,
766,1789,1665,1882,1864,1821,,,,
767,1789,1665,1882,1863,1821,,,,
768,1789,1665,1882,1863,1821,,,,
769,1789,1665,1882,1863,1820,,,,
770,1789,1665,1882,1863,1820,,,,
771,1789,1665,1882,1865,1820,,,,
772,1789,1665,1882,1865,1820,,,,
773,1789,1665,1882,1865,1820,,,,
774,1789,1665,1882,1865,1820,,,,
775,1789,1665,1882,1865,1820,,,,
776,1789,1665,1885,1865,1820,,,,
777,1789,1665,1885,1865,1820,,,,
778,1789,1665,1885,1865,1820,,,,
779,1789,1665,1885,1865,1820,,,,
780,1789,1666,1885,1865,1820,,,,
781,1789,1665,1885,1865,1820,,,,
782,1789,1665,1885,1865,1820,,,,
783,1789,1665,1885,1866,1822,,,,
784,1789,1665,1885,1865,1820,,,,
785,1789,1665,1885,1865,1820,,,,
786,1789,1665,1885,1865,1820,,,,
787,1789,1665,1885,1865,1820,,,,
788,1789,1665,1885,1865,1820,,,,
789,1789,1665,1885,1865,1820,,,,
790,1789,1665,1885,1865,1820,,,,
791,1789,1665,1885,1865,1820,,,,
792,1789,1665,1885,1865,1820,,,,
793,1789,1665,1885,1867,1820,,,,
794,1789,1665,1885,1867,1820,,,,
795,1789,1666,1885,1867,1820,,,,
796,1789,1666,1885,1867,1820,,,,
797,1789,1666,1885,1867,1820,,,,
798,1789,1666,1885,1867,1820,,,,
799,1789,1666,1885,1867,1820,,,,
800,1789,1666,1885,1865,1820,,,,
801,1789,1666,1885,1865,1820,,,,
802,1789,1666,1885,1865,1820,,,,
803,1789,1666,1885,1865,1820,,,,
804,1789,1666,1885,1865,1820,,,,
805,1789,1666,1885,1865,1820,,,,
806,1789,1666,1885,1865,1820,,,,
807,1790,1666,1885,1865,1820,,,,
808,1790,1666,1885,1865,1820,,,,
809,1789,1666,1885,1865,1820,,,,
810,1789,1666,1885,1865,1821,,,,
811,1789,1666,1885,1865,1820,,,,
812,1789,1666,1885,1865,1820,,,,
813,1789,1666,1885,1865,1820,,,,
814,1789,1666,1885,1866,1820,,,,
815,1789,1666,1885,1866,1820,,,,
816,1789,1666,1885,1870,1820,,,,
817,1789,1666,1885,1870,1820,,,,
818,1789,1666,1885,1870,1820,,,,
819,1789,1666,1885,1870,1820,,,,
820,1789,1666,1885,1870,1820,,,,
821,1789,1666,1885,1870,1820,,,,
822,1789,1666,1885,1870,1820,,,,
823,1789,1666,1885,1870,1820,,,,
824,1789,1666,1885,1868,1820,,,,
825,1789,1666,1885,1868,1820,,,,
826,1789,1666,1885,1868,1820,,,,
827,1789,1666,1885,1868,1820,,,,
828,1789,1666,1885,1868,1820,,,,
829,1789,1666,1885,1867,1820,,,,
830,1789,1666,1885,1865,1820,,,,
831,1789,1666,1885,1867,1820,,,,
832,1789,1666,1885,1867,1820,,,,
833,1789,1666,1885,1867,1820,,,,
834,1789,1666,1885,1867,1820,,,,
835,1789,1666,1885,1867,1820,,,,
836,1789,1666,1885,1865,1820,,,,
837,1789,1670,1885,1868,1820,,,,
838,1789,1666,1885,1868,1820,,,,
839,1789,1666,1885,1868,1820,,,,
840,1789,1666,1885,1868,1820,,,,
841,1789,1666,1885,1868,1820,,,,
842,1789,1666,1885,1868,1822,,,,
843,1789,1666,1885,1874,1822,,,,
844,1789,1666,1885,1874,1822,,,,
845,1789,1666,1885,1874,1822,,,,
846,1789,1666,1885,1874,1822,,,,
847,1789,1666,1885,1868,1822,,,,
848,1789,1666,1885,1868,1822,,,,
849,1789,1666,1885,1869,1822,,,,
850,1789,1666,1885,1869,1822,,,,
851,1789,1666,1885,1868,1820,,,,
852,1789,1666,1885,1868,1820,,,,
853,1789,1666,1885,1868,1821,,,,
854,1789,1666,1885,1868,1820,,,,
855,1789,1666,1885,1868,1820,,,,
856,1789,1666,1885,1868,1820,,,,
857,1789,1666,1885,1868,1820,,,,
858,1791,1666,1885,1868,1820,,,,
859,1789,1666,1885,1868,1820,,,,
860,1789,1666,1885,1868,1820,,,,
861,1789,1666,1885,1868,1820,,,,
862,1789,1666,1885,1870,1820,,,,
863,1789,1666,1885,1870,1820,,,,
864,1789,1666,1885,1870,1820,,,,
865,1789,1666,1885,1868,1820,,,,
866,1789,1666,1885,1868,1820,,,,
867,1789,1666,1885,1875,1820,,,,
868,1789,1666,1885,1875,1820,,,,
869,1789,1666,1885,1875,1820,,,,
870,1790,1666,1885,1875,1820,,,,
871,1789,1666,1885,1868,1820,,,,
872,1789,1666,1885,1870,1820,,,,
873,1789,1666,1885,1870,1820,,,,
874,1789,1666,1885,1868,1820,,,,
875,1789,1666,1885,1868,1820,,,,
876,1789,1666,1885,1868,1820,,,,
877,1789,1666,1885,1868,1820,,,,
878,1789,1666,1885,1868,1820,,,,
879,1789,1666,1885,1868,1820,,,,
880,1789,1666,1885,1869,1820,,,,
881,1789,1666,1885,1869,1820,,,,
882,1789,1666,1885,1869,1820,,,,
883,1789,1666,1885,1869,1820,,,,
884,1789,1666,1885,1869,1820,,,,
885,1789,1666,1885,1869,1820,,,,
886,1789,1666,1885,1869,1820,,,,
887,1789,1666,1885,1869,1820,,,,
888,1789,1666,1885,1869,1820,,,,
889,1789,1666,1885,1869,1820,,,,
890,1789,1666,1885,1869,1820,,,,
891,1789,1666,1885,1869,1820,,,,
892,1789,1666,1885,1869,1820,,,,
893,1789,1666,1885,1869,1820,,,,
894,1789,1666,1885,1869,1820,,,,
895,1789,1666,1885,1869,1820,,,,
896,1789,1666,1885,1869,1820,,,,
897,1789,1666,1885,1869,1820,,,,
898,1789,1666,1885,1869,1820,,,,
899,1789,1666,1885,1869,1820,,,,
900,1789,1666,1885,1870,1820,,,,
901,1789,1666,1885,1870,1820,,,,
902,1789,1666,1885,1870,1820,,,,
903,1789,1666,1885,1870,1820,,,,
904,1789,1666,1885,1870,1820,,,,
905,1789,1666,1885,1870,1820,,,,
906,1789,1666,1885,1870,1820,,,,
907,1789,1666,1885,1870,1820,,,,
908,1789,1666,1885,1870,1821,,,,
909,1789,1666,1885,1870,1820,,,,
910,1789,1666,1885,1871,1820,,,,
911,1789,1666,1885,1871,1820,,,,
912,1789,1666,1885,1871,1820,,,,
913,1789,1666,1885,1870,1820,,,,
914,1789,1666,1885,1870,1820,,,,
915,1789,1666,1885,1870,1820,,,,
916,1789,1666,1885,1870,1820,,,,
917,1789,1666,1885,1870,1820,,,,
918,1789,1666,1885,1870,1820,,,,
919,1789,1666,1885,1870,1820,,,,
920,1789,1666,1885,1870,1820,,,,
921,1789,1666,1885,1870,1820,,,,
922,1789,1666,1885,1870,1820,,,,
923,1789,1666,1885,1870,1820,,,,
924,1789,1666,1885,1871,1820,,,,
925,1789,1666,1885,1871,1820,,,,
926,1789,1666,1885,1871,1820,,,,
927,1789,1666,1885,1870,1820,,,,
928,1789,1666,1885,1872,1820,,,,
929,1789,1666,1885,1872,1820,,,,
930,1789,1666,1885,1872,1820,,,,
931,1789,1666,1885,1872,1820,,,,
932,1789,1666,1885,1872,1820,,,,
933,1789,1666,1885,1872,1820,,,,
934,1789,1666,1885,1872,1820,,,,
935,1789,1666,1885,1872,1820,,,,
936,1789,1666,1885,1872,1820,,,,
937,1789,1666,1885,1872,1820,,,,
938,1789,1666,1885,1872,1820,,,,
939,1789,1666,1885,1872,1820,,,,
940,1789,1666,1885,1872,1820,,,,
941,1789,1666,1885,1872,1820,,,,
942,1789,1667,1885,1875,1820,,,,
943,1789,1667,1885,1875,1820,,,,
944,1789,1666,1885,1875,1820,,,,
945,1789,1666,1885,1875,1820,,,,
946,1789,1667,1885,1875,1820,,,,
947,1789,1666,1885,1875,1820,,,,
948,1789,1666,1885,1872,1820,,,,
949,1789,1667,1885,1872,1820,,,,
950,1789,1666,1885,1872,1820,,,,
951,1789,1666,1885,1872,1820,,,,
952,1789,1666,1885,1872,1821,,,,
953,1789,1666,1885,1872,1821,,,,
954,1789,1666,1885,1872,1821,,,,
955,1789,1666,1885,1872,1821,,,,
956,1789,1666,1885,1872,1821,,,,
957,1789,1666,1885,1872,1821,,,,
958,1789,1666,1886,1877,1821,,,,
959,1789,1666,1886,1872,1821,,,,
960,1789,1666,1886,1872,1821,,,,
961,1789,1666,1885,1872,1821,,,,
962,1789,1666,1885,1872,1821,,,,
963,1789,1666,1885,1872,1821,,,,
964,1789,1666,1885,1872,1821,,,,
965,1789,1666,1885,1872,1821,,,,
966,1789,1666,1885,1876,1821,,,,
967,1789,1666,1885,1876,1821,,,,
968,1790,1666,1885,1876,1821,,,,
969,1790,1666,1885,1872,1821,,,,
970,1790,1666,1885,1872,1821,,,,
971,1790,1666,1885,1872,1821,,,,
972,1790,1666,1885,1872,1821,,,,
973,1790,1666,1885,1877,1821,,,,
974,1790,1666,1885,1877,1821,,,,
975,1790,1666,1885,1877,1821,,,,
976,1790,1666,1885,1877,1821,,,,
977,1790,1666,1885,1872,1821,,,,
978,1789,1666,1885,1872,1821,,,,
979,1789,1666,1899,1872,1821,,,,
980,1789,1666,1885,1872,1821,,,,
981,1789,1666,1885,1872,1821,,,,
982,1789,1666,1885,1872,1821,,,,
983,1789,1666,1885,1872,1821,,,,
984,1789,1666,1885,1872,1821,,,,
985,1789,1666,1885,1872,1821,,,,
986,1789,1666,1885,1872,1821,,,,
987,1789,1667,1885,1872,1821,,,,
988,1789,1666,1885,1872,1821,,,,
989,1789,1666,1885,1872,1821,,,,
990,1789,1666,1885,1872,1821,,,,
991,1789,1666,1885,1872,1821,,,,
992,1789,1666,1885,1873,1821,,,,
993,1789,1666,1885,1873,1821,,,,
994,1789,1666,1885,1873,1821,,,,
995,1789,1666,1885,1873,1821,,,,
996,1789,1666,1885,1873,1821,,,,
997,1789,1666,1885,1873,1821,,,,
998,1789,1666,1885,1873,1821,,,,
999,1789,1666,1885,1877,1821,,,,
1000,1789,1666,1885,1877,1821,,,,